id	sequence	U2_Am_M4	U2_Am_F15	U2_Am_F32	U2_Am_M19	U2_Am_M12	U2_Am_M24	U2_Am_F28	U2_Am_F12	U2_Am_F16	U2_Am_F20	U2_Am_F3	U2_Am_F18	U2_Am_F35	U2_Am_M14	U2_Am_F6	U2_Am_M10	U2_Am_M18	U2_Am_F29	U2_Am_M31	U2_Am_F21	U2_Am_M34	U2_Am_F34	U2_Am_F1	U2_Am_F24	U2_Am_F4	U2_Am_M27	U2_Am_M33	U2_Am_M22	U2_Am_M32	U2_Am_F22	U2_Am_M6	U2_Am_M8	U2_Am_M28	U2_Am_F17	U2_Am_M35	U2_Am_M26	U2_Am_F9	U2_Am_M21	U2_Am_M20	U2_Am_F25	U2_Am_F5	U2_Am_M36	U2_Am_M25	U2_Am_F8	U2_Am_F13	U2_Am_F14	U2_Am_M7	U2_Am_F19	U2_Am_M2	U2_Am_F30	U2_Am_M30	U2_Am_F10	U2_Am_M5bis	U2_Am_M23	U2_Am_F23	U2_Am_M29	U2_Am_M15	U2_Am_M13	U2_Am_M1	U2_Am_F7	U2_Am_F26	U2_Am_M17	U2_Am_M9	U2_Am_F2	U2_Am_F11	U2_Am_M16	U2_Am_F31	U2_Am_F33
1028759	TGCAGGGGTCACTGTGCGCCCCGGGTGAAATATCACGTTGTTGAAATATCACATTTTGGGCTCACAGAGACGGAGAGACGCTGTGCATAAGTAA	22	0	0	19	32	25	0	0	0	0	0	0	0	41	2	23	35	0	35	0	47	0	0	0	0	26	28	42	57	0	30	38	34	0	30	39	0	29	28	0	0	29	20	0	0	0	36	0	33	0	28	0	18	31	0	24	32	23	21	0	0	23	39	2	0	33	0	0
1095343	TGCAGGTCATGCTGGATAGTAGATAGTGCTTCCCTGAGAGTCTTCTGAAGATTCTCCTGGTAATTCTCCTGGTGCTTCTGATGCTCCCGGAACT	27	0	0	16	23	26	0	0	0	0	0	0	0	26	0	15	20	0	22	0	28	0	0	0	0	27	36	21	18	0	20	25	34	0	15	32	0	20	18	0	0	28	26	0	0	0	22	0	16	1	18	0	18	36	0	33	31	32	20	0	0	28	27	0	0	26	0	0
1148754	TGCAGGAGCTCCTCCACCAGGACCTGTCTCACTCATCCCAGAGTTCTGCTACCTCACAGGTCTCCTTCACAGAGCGGGAGAAACAGCGCTTAAT	23	0	0	20	17	29	0	1	0	0	0	0	0	29	0	27	15	0	28	0	34	0	0	0	0	32	15	20	40	0	29	30	30	0	22	23	0	28	25	0	0	28	36	0	0	0	26	0	25	0	32	0	16	46	0	29	32	22	26	0	1	31	27	0	0	23	0	0
1154019	TGCAGGATCAGATGAACCTGGTTCTACACACATGGCCTGGATCAAACAAACACAAGAAGAGGCTTTGAGGAGAAATTGATTGCTCGTGGCAGAT	25	0	0	39	21	29	0	0	0	0	0	0	0	32	0	30	0	0	42	0	47	0	0	0	0	44	0	36	41	0	48	32	45	0	38	33	0	22	28	0	0	37	48	0	0	0	34	1	29	0	28	0	31	32	0	27	38	39	28	0	0	54	37	0	0	27	0	0
1156130	TGCAGGACATATTAAAATGATCCCCCACATTCATTTAGCTAATCAGAGCATGCATGGACATTAGCTTGGAGAACTAAATGGTGCTATTCAGCTC	46	0	0	11	26	31	0	0	0	0	0	1	0	32	0	16	31	0	17	0	26	0	0	0	0	23	15	37	35	0	24	46	31	0	19	34	0	43	28	0	0	38	36	0	0	0	32	0	24	1	22	0	17	26	0	24	40	23	22	0	0	33	22	0	0	21	0	0
1317260	TGCAGGCTGTGAAAACACAGCTGGCTAGTGATAAAGTTGCTAGTGATGCTACCATATTAACATTGAAAGGTGGAACACGCTCTCTCAAATGACA	38	0	0	16	27	47	0	0	0	0	0	0	0	29	0	34	35	0	44	0	40	0	0	1	0	35	24	31	40	0	23	32	28	0	30	56	0	26	42	0	0	24	35	0	0	0	23	0	13	0	28	0	26	30	0	24	33	40	30	0	0	39	30	0	0	19	0	0
1399606	TGCAGGAAGGGTATTACATGAAACAGGAGTATGTCTTCCTTGTAACGCACAGCGTTGTGTTTACTTGCAATGACAAGCTCAGTCCGATGATACT	29	0	0	45	20	17	0	0	0	0	0	0	1	21	0	41	0	0	36	0	32	0	0	0	0	48	0	29	42	4	45	39	28	0	27	29	0	39	31	0	0	40	27	0	34	0	30	0	24	0	25	0	20	34	0	19	27	35	27	0	0	37	40	0	0	33	0	0
1433630	TGCAGGTTTCATCTGCAACCAAACTCTAACACACCTGTTATAGTTGATCAAGAACTTGTTAAGGCAATGATTAGATGGTCAGGTGGGAACAATA	32	0	0	22	25	40	0	30	0	0	0	0	0	27	0	37	32	0	51	0	43	0	0	0	0	65	25	61	24	0	39	26	30	0	34	40	0	36	17	0	0	38	49	0	0	0	38	0	37	0	43	0	26	46	0	12	26	27	43	0	0	43	26	0	0	37	0	1
1437895	TGCAGGGATTTGGCATAATACAAAAACACATACTCACATGTAACTGGCAAAATGAGAAAAAACATCTGCTCTAATATGCACTACCGGTGACAAG	28	0	0	59	19	24	0	0	0	0	0	0	0	42	0	45	39	0	31	0	33	0	0	0	0	32	23	26	31	0	55	37	28	0	17	32	0	27	32	0	0	0	35	0	0	0	42	0	16	0	34	0	25	18	0	22	32	37	26	0	0	34	38	0	34	23	0	0
1449816	TGCAGGGGTTGAAACGTCGGCTGTATGCTAAGCACTCAAAGGTCAGTGCCAGTGATTGAGAAGGTCCATGACCTCTTACAGCTTGTGTGGAAAA	91	0	0	60	70	66	0	0	0	0	0	0	0	106	1	97	82	0	91	0	132	0	0	0	0	89	85	84	112	0	80	76	102	0	67	96	0	86	100	0	0	79	77	0	0	0	105	0	65	0	92	1	47	89	0	79	89	64	86	0	0	116	79	0	0	75	0	0
1458421	TGCAGGGCGAGAAACCACCGAGTTACCCTGGCATTAGTGTCATTGGCCTTGGCCATCCACTGGAGGGGAGCATGGTCCGTCACCAGAATGAAGG	15	1	0	6	14	11	0	0	0	0	0	0	1	11	1	15	25	0	13	0	6	0	0	0	0	14	11	14	25	0	10	10	11	1	11	12	0	10	15	1	0	12	9	0	1	1	5	0	12	0	11	1	8	9	0	14	22	10	13	0	2	23	9	0	0	6	1	1
1458802	TGCAGGGCGAGAAACCACCGAGTGACCCGGGCGTTTGTGTCCTTGGCCTTGGCCATCCATTGCAGGGGCGCGTGGTCTGGACCAGGACAAAGTG	22	0	0	17	16	21	0	0	0	0	0	0	0	28	0	10	14	0	19	0	19	0	0	0	19	19	10	19	11	0	16	19	19	0	24	21	0	18	14	0	0	9	19	0	0	0	12	0	25	0	10	0	12	11	0	15	11	12	23	0	0	21	19	2	0	12	0	0
1480762	TGCAGGCTCCACTGAGAACATTGCTCACCTTTCCTGTTCTGCTGAGAACTTTGCTCTGCTTTCCTGTTTTGCTGAGGATGTCACTATGCTTTCC	24	0	0	15	19	26	0	0	0	0	0	0	0	30	0	31	31	0	28	0	40	0	0	0	0	29	25	30	26	0	15	30	19	0	12	29	0	22	21	0	0	27	30	0	1	0	28	0	13	0	29	0	20	19	0	20	22	20	28	0	0	51	23	2	0	20	0	0
1560415	TGCAGGATTTCTCCTTCCAGGTCCAGCACTGGGCGGGGGCCCTGCACGGGAATGCAGATGGGCTCTCACGACGGGACACGCTCTGGGCCCACCT	25	0	0	22	34	28	0	0	0	0	0	0	0	27	0	24	33	0	33	0	17	0	0	0	0	35	23	14	16	0	23	23	36	0	20	32	0	29	24	0	0	29	33	0	0	0	20	0	20	0	14	0	7	31	0	21	20	28	17	0	0	17	31	0	0	22	0	0
1578037	TGCAGGTTTTGTGCTGTGCACCTTCCAACGTGGCGGTGGATAATTTGGTGGAGCGCCTGGCTAAGAGCAAGGCTAAGGTCCTGCGACTGGGACA	23	0	0	20	14	11	0	0	0	0	18	0	0	25	0	26	21	0	43	0	17	0	0	0	0	10	11	18	19	0	26	45	22	0	10	22	0	18	21	0	0	11	21	0	0	0	15	0	12	1	25	0	12	17	0	52	13	17	14	0	1	28	21	0	0	10	0	0
1580611	TGCAGGATGACTTGCATTGCATTTTGAGAGATATAAACCAGACTGAACATTTTTTGTGAAACATGCAAAAAAAAAGCTGAAAAAAAAAAACACA	15	0	1	14	0	28	0	0	1	1	0	1	1	20	4	13	1	0	24	1	14	0	1	1	1	14	0	27	23	1	18	27	34	1	18	26	0	28	32	3	23	25	26	18	27	0	10	0	8	16	26	30	5	23	0	21	22	19	19	0	1	21	27	1	0	18	3	0
1581224	TGCAGGCGGGCCCTACCATACAAACACGAACAACACAGAGAAGATACATATTTAACAATCACTTAGCCCAAAACACACATATAAACAATATATA	18	0	0	17	17	18	0	0	0	0	0	0	0	45	0	45	49	0	38	0	28	0	0	0	0	40	30	30	40	0	34	19	31	0	23	27	0	33	25	0	0	34	16	0	0	0	24	0	19	0	19	0	18	24	0	38	23	25	31	0	0	25	34	0	0	33	0	0
1593401	TGCAGGCCATGAAAACACAGCTGGCTAGTAATAAAGTCGCTACCGAGGCCACCATAATCAACACTGAAAAGTACTGTGGGGGAAATGGGGCACG	25	0	0	19	29	19	2	0	0	0	0	0	0	23	0	42	33	0	35	0	30	0	0	0	0	41	37	21	38	0	25	39	44	0	19	43	0	33	27	0	0	18	16	0	0	0	36	0	30	0	22	0	21	31	0	23	29	32	29	0	0	35	25	0	0	21	0	0
1599569	TGCAGGGCCATGACGACCGAGCTCTGGAAACGCAAGTCGGTCTTGAAGTCCTGAGCGATTTCTCTCACCAGGCGCTGGAAGGGCAGCTTGCGGA	22	0	0	18	23	20	2	0	1	0	0	0	0	28	1	21	15	0	21	1	18	0	0	0	0	28	14	16	35	0	32	13	26	0	9	19	1	18	29	0	1	24	20	2	1	1	11	0	24	0	22	2	19	24	0	20	18	14	18	0	0	36	18	0	0	19	1	0
1604025	TGCAGGACGATTGCAGAGTTTCTTTATTTGTAAACCATACAGGAGTGCACAAGATATGTCAGGCAGGCGCAAGAGATGAGAGTTCAATAGCCTA	31	0	0	28	19	37	0	0	0	0	0	0	0	30	0	20	38	0	25	0	25	0	0	0	0	33	23	30	26	0	16	23	38	0	14	28	0	25	22	0	0	20	27	0	0	0	23	0	19	0	27	0	13	25	0	17	13	18	38	0	0	18	23	0	0	13	0	0
1613327	TGCAGGTCATGCTGGATAGTAGACAGCGCATCCCTGAGAGTCTTCTGTTGATTCTCATGGTGAGTATCCTGGTGCTTCAGATGATCCTGAAACT	68	2	3	26	46	57	2	2	1	3	2	1	0	42	2	47	34	1	45	0	68	1	1	3	2	62	47	42	64	1	46	71	47	2	47	41	1	38	50	2	4	36	35	3	0	2	56	0	45	5	48	2	22	43	1	61	43	50	54	4	2	48	31	0	4	43	4	0
1627291	TGCAGGCTCCATCAAACCTGATTCTGCGTGAGGTGAGAGAAAAATGAGAGGAGAAGACACATCAACAATCTCTCCCACAGAAAGACCTCAAAAC	19	0	0	70	22	34	0	0	0	0	0	0	0	41	0	29	37	0	41	0	44	0	0	0	0	30	18	34	30	0	31	45	19	0	26	0	0	21	33	0	0	0	39	0	0	0	25	0	31	0	25	0	26	27	0	28	14	40	25	0	0	21	39	0	27	62	0	0
1655063	TGCAGGTTATTGACACTAAGGTTCAGTTCTCTCAGTCTGGAGGAGTTTGATATGAGAACTGAAGACAGAACTCTACAGTTTTCCTGTCAGATTA	28	1	0	29	26	34	0	0	0	0	0	0	0	36	2	29	22	0	39	0	35	0	0	0	0	29	33	40	15	0	38	46	37	0	28	47	0	22	32	0	0	29	17	0	0	0	26	0	23	1	33	0	31	32	0	28	28	28	31	0	0	46	24	0	0	31	0	0
1667869	TGCAGGAGATAAAGATGTGCCACACTGCACACTGACCAGTGCTTGCTGTCAGGCCTGAAGGATGTGTGCGCTTTATAAACCTGCGTATGGAAGG	35	0	0	24	31	28	0	0	0	0	0	0	0	32	0	25	28	0	34	0	42	0	0	0	0	22	37	25	39	0	19	23	52	0	9	26	0	11	21	0	0	17	30	0	0	0	22	0	31	0	21	0	12	31	0	26	22	24	21	0	0	30	32	0	0	11	0	0
1676293	TGCAGGTTAGTAGGCGAGATGCATATCTTTCGGAAATTATGCGGTTTGGGACGCAGCCCACGGCATCAAGCAGTCGTCTATTTGTACGTATAGC	29	0	0	28	34	30	0	0	0	0	0	0	0	54	0	22	28	0	22	0	65	0	0	0	0	46	42	22	43	0	29	35	48	0	18	37	0	36	34	0	0	37	29	0	0	0	32	0	23	0	22	0	32	35	0	23	25	43	37	0	0	35	32	0	0	46	2	0
1705593	TGCAGGAAGGTAGTTCTCAAGGAAGAGCTTGTTGGTGACAACTGATGTACACTATTCCAGCCAGTAAAGAACCAAAATGAATCTGTTAAGTATT	34	0	0	41	16	16	0	0	0	0	0	0	0	30	0	41	21	0	36	0	33	0	0	0	0	28	20	24	33	0	22	36	60	0	32	53	0	23	34	0	0	18	42	2	0	0	20	0	20	0	17	0	20	42	0	26	27	30	21	0	0	17	35	0	0	24	0	0
1711879	TGCAGGCCATGAAAACACAGGTGGCTAGTGATAAAGTTGCTACCAATGCTACCATATCAACACTGAAAGGTACTGTTGGGGAAATGGGGCACGT	20	0	0	21	20	23	0	0	0	0	0	0	0	39	0	32	54	0	36	0	40	0	0	0	0	16	24	20	29	0	24	31	17	0	23	29	0	24	22	0	0	38	28	0	0	0	29	0	16	0	29	0	23	44	0	20	34	46	21	0	0	34	26	0	0	22	0	0
1721108	TGCAGGGGTTGAAGCATCGGCTGTATAGATGAACAGAAACAGGTTTAAGGTCACGTTTATTGGGTTAAAATGTTGGAAGTGTTAACTTTATTAA	24	0	0	19	18	21	0	0	0	0	0	0	0	34	0	23	32	0	46	0	23	0	0	0	0	27	20	51	27	0	27	20	17	0	30	29	0	20	39	0	0	27	35	0	0	0	28	0	18	0	27	0	9	34	0	41	35	35	19	0	0	24	26	0	0	11	0	0
1731441	TGCAGGAGTTCTCTCGCTTCCACATGCAGATCACACCCATGCTGGACAGGCTATTGAACAACAGGAAGGAGTGGAATGCTCTTAAAGAAATACA	24	0	0	41	31	56	0	0	0	0	0	1	0	38	0	38	50	0	37	0	40	0	0	0	0	37	37	45	58	0	41	38	34	0	26	36	0	46	41	0	0	37	31	0	0	0	43	0	32	0	27	0	40	50	0	34	44	42	40	0	0	51	37	0	0	18	0	0
1744055	TGCAGGAGACACAGGTAGCACACAGAGAAGAGGAGGAGCTAGGCAGGGCTGTGACAGACCGTACATCTGTATTTCCCTGTGTTCATATCCATGT	36	0	0	31	29	20	0	0	0	0	0	0	0	37	0	20	43	0	34	0	34	0	0	0	0	19	23	29	41	0	20	34	30	0	21	31	0	17	33	0	0	29	20	0	0	0	19	0	21	0	22	0	20	20	0	22	27	20	25	0	0	29	38	0	0	26	0	0
1744540	TGCAGGTCCCCCTGCTCAAGAAAGCACATATACATGCCCGTCTGAAATTTGCCAATGAACATCTGAATGATTCAGAGGACAACTGGGTGAAAGT	29	0	0	21	20	34	29	0	0	0	0	0	0	55	32	42	36	0	26	0	40	0	31	0	38	0	46	41	19	64	38	25	61	0	13	41	0	30	26	0	38	32	27	0	23	0	32	0	60	0	33	0	16	28	37	17	33	23	27	0	40	37	15	24	27	64	36	0
1775306	TGCAGGTCAAGCTGGATAGTAGACAGCGCATCCCTGAGAGTCTTCTGAAGATCCTCCTGAAACTCCTTCCTAAAATCAGTGTTGTCCTTCCTCA	38	0	2	18	26	26	0	0	0	0	0	0	0	33	0	37	45	0	22	0	34	0	0	0	0	28	29	25	16	0	31	38	33	0	28	31	0	21	29	0	0	22	24	0	0	0	26	0	24	0	33	0	25	23	0	38	34	30	27	0	0	25	22	0	1	10	0	1
1780498	TGCAGGAAGAGTACACTTCAGCGATTCTGCAGCGGTGAGCCCCTGATCACTCATTCTTTGTTAAAGAACAACATGGTTTTTTATATTTTTTTTA	25	0	0	48	39	37	0	0	0	0	0	0	0	48	0	17	33	3	16	0	35	0	0	0	0	28	24	18	48	0	19	32	35	0	23	0	0	35	21	0	0	0	27	0	0	0	25	0	30	0	18	0	10	38	0	34	32	21	47	0	0	34	37	0	20	49	0	0
1782033	TGCAGGATTGCACCTATACATGAAAATTAAATAAATAGGTTTAATAAAATACTGTTCTTCCAGCTTCACCTCTGATATTATGACAGTTGGGTTA	32	0	0	29	29	36	0	0	0	0	0	0	0	42	0	24	36	0	41	0	30	0	0	0	0	23	25	22	32	0	35	34	37	0	33	30	0	33	29	0	0	31	29	0	0	0	23	0	15	0	29	1	28	36	0	41	41	28	33	0	0	41	23	2	0	38	0	0
1783630	TGCAGGAAGTAACGGTTACTAACAAGGATTAGCAAATCAAGACTAGAAAATCTAGGACTAGCAAATGAAGCATATGCTACTTGAGGCCATGGTC	51	1	0	22	0	32	0	0	0	0	0	0	0	28	0	46	0	0	51	0	31	0	0	0	0	45	0	41	38	0	59	32	47	0	29	35	0	36	24	0	0	26	32	25	41	0	25	0	51	0	31	0	38	30	0	0	20	1	37	0	0	40	27	0	0	33	0	0
1788494	TGCAGGAAGCACTTAACCTGGAAAAAAAACAAAAACATAATACTTGTCTGCACCTGGGAATGATTAAGGAACAGGAAGAAACAAAGAAATACTC	17	0	0	22	19	27	0	0	0	0	0	0	0	23	0	34	36	0	19	0	30	0	0	0	0	25	30	19	32	0	24	32	31	0	14	19	0	30	9	0	0	37	31	0	0	0	32	0	28	0	25	0	27	51	0	14	22	23	25	0	0	27	38	0	0	14	0	0
1833341	TGCAGGTTGAGCTAGATAGTAGACAGTGCATCCCTGAGAGTCTTCTGAAGATTCTCCTGGTGCTACTCCTGGTGCTTCTGATGCTCCTGGAACT	7	0	0	10	10	5	0	0	0	0	0	0	0	12	0	21	7	0	23	0	6	0	0	0	0	14	17	9	15	0	15	13	17	0	7	23	0	8	12	0	0	17	17	0	0	0	13	0	13	0	14	0	3	10	0	17	14	10	10	0	0	9	11	0	0	15	0	0
1835565	TGCAGGTTTGTCCAGATTTGTTCCATGCTACTGAACGAAGACAACTTTAAATATTTCTTTAAATACTTTAAATAATTAAAATATATTGTAAATA	13	0	19	6	19	13	1	11	0	0	0	9	8	13	0	15	11	0	34	0	16	0	0	14	0	15	27	30	11	0	16	11	19	1	23	23	15	39	16	17	0	12	15	2	10	0	19	0	6	0	14	0	5	25	0	15	21	17	16	0	12	18	11	0	29	26	21	10
1841743	TGCAGGCCATGAAAACACAGCAGGCTAGCGATAAAGTCGCTACTGATGCCACCATATCAACACTGAAAGGTACTGTTGGGGAAATGGGGCACAC	39	0	0	10	17	38	0	0	0	0	0	0	0	27	0	38	38	0	26	1	45	0	0	0	0	18	29	27	33	0	39	33	26	0	33	37	0	41	32	0	0	31	23	0	0	0	17	0	28	0	26	0	29	20	0	30	26	26	19	0	0	47	22	0	0	32	0	0
1844661	TGCAGGAAGTCTACAGGTCTGAGAGGAGTCATCGCATCCAGCTGGTGAAAGTGGAACAACTCCAACAATTGCCGACAACAGAGGTGACACTGCG	30	0	0	14	23	36	1	0	0	0	0	0	0	45	0	27	45	0	36	0	29	0	0	0	0	29	45	31	42	0	42	36	37	0	25	30	0	32	27	0	0	33	36	0	0	0	52	1	20	0	27	0	13	29	0	27	34	22	31	0	0	35	38	0	0	32	0	0
1873306	TGCAGGGCCCGCCAGGTCCCCCTGTTCAAGAAAGCACATATATATGCCCATCTGAAGTTTGCCAATGAACATCTGAATGATTCAGAGGACAAGT	30	0	0	14	16	38	0	0	0	0	0	0	0	29	0	33	38	0	24	0	40	0	0	0	0	29	28	28	23	0	22	23	53	0	17	21	0	42	47	0	0	19	47	0	0	0	39	0	35	0	43	0	28	29	0	26	32	33	32	0	0	45	25	0	0	21	0	0
1877307	TGCAGGCCGTGAAAACACAGCTGGCTAGTGATAAAGTTGCTACCAATGCTACCATATCAACACTGAAAGGTACGGTTGGGGAAATGGAGCACGC	34	0	0	29	15	25	0	0	0	0	0	0	0	30	0	24	40	0	28	0	25	0	0	0	0	23	43	33	47	0	24	46	17	0	22	46	0	30	27	0	0	43	15	0	0	0	28	0	28	0	23	0	11	36	0	41	31	52	32	0	0	32	40	0	0	32	2	0
1885246	TGCAGGGAGCCCTCCACGTGTGCCCCGACATCCATCAGCAACTGATACGCAGAAAGAGAGAGAAGAAAGGAGAGGCAAAAGAAAAGATCAAGAG	55	0	0	18	15	19	1	0	0	0	0	0	25	40	0	29	19	0	19	0	23	0	0	0	0	18	17	25	20	0	31	28	29	0	12	12	0	26	18	0	0	26	32	0	0	0	20	0	9	0	21	0	12	33	0	26	23	28	28	0	0	37	44	1	6	19	0	0
1887491	TGCAGGTCATGAAAATACAGCAGGCTAGTGATAAAGTCGCTACCGAGGCCACCATATCAACACTGAAAGGTACTGTGGGGGAAATGGGGCACGC	34	0	0	13	20	17	0	0	0	0	0	0	0	32	0	28	26	0	48	0	42	0	0	0	0	38	21	28	35	1	35	24	27	0	18	35	0	26	17	0	0	32	18	0	0	0	39	0	16	0	23	0	22	18	0	20	14	25	22	0	0	25	40	0	0	8	0	0
1888803	TGCAGGATTTCTCCTTCCAGGTCCAGCACCGGGCGGGGGGCCCTGCATGGGAATGCAGATGGGCTCTCACGACGAGACACGCTCTGGGCCCACC	38	0	0	2	3	4	0	0	0	0	0	0	13	4	0	14	20	0	7	0	13	1	0	0	0	7	5	17	4	0	14	13	12	0	7	11	0	10	10	0	0	7	5	0	0	0	12	0	3	0	5	0	5	10	0	7	3	5	7	0	0	9	14	0	0	4	0	0
1897367	TGCAGGTCTGGAAGAATCGCAACCTTGGTACTTTCGTTACAAACGGTGCTAATGCTACTGCAGATAAACAAGTAGAGTCACATTTTAAGAATGT	9	0	0	9	9	10	0	0	0	0	0	0	0	9	0	11	15	0	15	0	26	0	0	0	0	19	9	18	13	0	11	12	9	0	10	27	0	20	10	0	0	11	20	0	0	0	16	0	16	0	8	0	7	15	0	8	20	20	25	0	0	18	8	0	0	13	0	0
1900169	TGCAGGCCGTGAAAACACAGCTGGCTAGTGATAACGTTGCTACCGAGGCTGCCATATCAACACTGAAAGGCACTGTTGTGGAAATGGAGCACGC	28	0	32	18	33	27	0	34	0	0	0	30	0	44	0	45	55	0	75	0	47	0	0	29	0	47	57	59	39	0	39	49	31	0	69	28	39	54	22	43	0	32	25	0	0	0	30	0	20	0	23	0	23	27	0	15	31	28	37	0	19	42	20	1	33	57	56	35
1904714	TGCAGGTCAACCTGGATTGTAGACAGCGCTTCCCTGAGAATCTCCTGGAACTCCTTTTTAAAAATATTGGGGATGTCCTTCCTCAGTGAAGCCA	30	0	0	18	12	24	0	0	0	0	0	0	0	25	0	26	33	0	24	0	40	0	0	0	0	33	36	20	33	0	26	34	18	0	11	37	0	20	23	0	0	25	32	0	0	0	29	0	21	0	20	0	21	28	0	25	29	21	23	0	0	39	45	0	0	18	1	0
1906962	TGCAGGGTCGCTGAAATCGAATCACCAGAAACTCTTTGTCTGCGCGTGCTCTAATACAAGTATGAGCCTCTTTTATGATTTATTCCCACGTCTT	34	0	0	24	29	38	0	0	0	0	0	0	0	36	0	41	48	0	42	0	32	0	0	0	1	31	36	35	29	0	21	32	26	0	23	38	0	23	35	0	0	16	22	0	0	0	35	2	24	0	13	0	18	35	0	37	31	51	35	0	0	21	45	2	0	19	0	0
1909771	TGCAGGGTCAAGTTCAGTCTGTCCAAGTGACACAGCATGTCAACCAAAAAGGCTAGATCCATAATCCACTCGAGGTCCGAGAGCTCGGGATAGT	49	0	0	23	0	69	1	0	0	1	34	0	1	2	0	26	21	0	27	0	32	0	0	0	0	0	1	35	22	0	30	43	41	0	32	0	0	30	54	0	0	26	22	0	0	0	32	0	24	0	25	0	7	39	0	23	42	34	27	0	1	41	0	0	23	40	39	0
1912435	TGCAGGGAACCTAGCATGACAGCAGATGGGCCACAATAGATGTCTGGCAAATTAAACACAAAAAATGACAAAGTCTGGCACACCCTCCCCATAA	16	0	0	14	20	23	0	0	0	0	0	0	0	29	0	27	17	0	22	0	24	0	0	0	0	15	16	15	25	0	10	27	34	0	15	25	0	17	18	0	0	14	17	0	0	0	19	0	25	0	14	0	12	21	0	15	25	22	17	0	0	19	35	0	0	13	0	0
1914433	TGCAGGTCGAGCTGGATAGTAGACAGCGCATCACTGTGCGTCTTCTGAAGACTCTTCTGGTGCTCCCGGAACTCCTTCCTAAAATCAGCGATGT	26	0	0	8	17	30	0	0	0	0	0	0	0	31	0	35	41	0	38	0	39	0	0	0	0	38	32	27	26	0	31	34	43	0	32	16	0	17	38	0	0	37	29	0	0	0	15	0	24	0	21	0	11	33	0	12	35	40	26	0	0	25	43	0	0	19	0	0
1916156	TGCAGGAGCTCCTCCACCAGGACCTGTCTCACTCATCCCAGAGTTCTGCTACCTCACAGGTCTCCCTCACAGAGCGAGAGAAACAGCGCTTAAT	25	0	0	10	14	37	0	0	0	0	0	0	0	20	0	34	27	0	44	0	28	0	0	0	0	22	25	22	24	0	31	29	42	0	19	32	0	31	33	0	0	44	29	0	0	0	32	0	24	2	37	0	23	32	0	41	26	26	30	0	0	34	27	0	0	26	0	0
1925286	TGCAGGTCAACATTGTTCTGCCCAGGGAACCTCAGACATGTTGTGACTCCACTCATGGTGTTAGAGACTAAGTGGTTGAGGTCACTGTAGGTTG	57	0	0	56	49	58	0	0	0	0	0	0	0	79	1	75	67	0	74	0	81	0	0	0	0	67	52	62	68	0	66	60	86	0	52	60	0	59	73	0	0	46	74	0	0	0	71	0	66	0	48	0	48	69	0	71	64	60	67	0	0	73	65	1	0	39	0	0
1925676	TGCAGGATTTCTCCTTCCAGGTTCAGCACCGGGCAGGGGCCCTGCACGGGAATGCGGATGGGCTCTCACGACGGGACAGGCTCTGGGCCCACCT	29	0	0	15	20	31	0	0	0	0	0	0	0	23	0	31	21	0	21	0	35	0	0	0	0	25	19	26	27	0	16	23	21	0	12	23	0	17	31	0	0	24	28	0	0	0	24	0	22	0	26	3	4	18	0	12	19	39	18	0	0	15	21	0	0	23	0	0
1925832	TGCAGGTCCCCCTGCTCAAGAAAGCACATACACATGCCTGTCTGAAGTTTGCCAATGAACATCTGAATGATTCAGAGGACAACTGGGTGAAAGT	27	0	0	12	20	30	0	0	0	0	0	0	1	19	0	23	25	0	16	0	37	0	0	0	0	0	15	15	16	0	33	29	19	0	10	0	0	21	18	0	0	0	14	0	0	0	26	0	16	0	12	0	18	18	0	22	18	21	22	0	0	42	19	0	27	30	1	0
1931891	TGCAGGATCCAACCTCCTAACGTGTAAGATAAATAAAGAATGAAAGTGTCTAAACGTTTGACCAGTAGCGTATGTTTTCAATGCAAGTGCTAGA	61	0	0	38	64	58	35	0	0	1	35	0	0	71	26	67	62	0	56	36	98	20	0	42	0	53	61	49	68	0	98	86	88	18	44	79	0	68	79	38	0	38	95	0	31	0	37	0	46	30	62	0	73	91	35	65	64	64	46	0	0	68	53	0	0	41	0	0
1936767	TGCAGGATGGAGCTCTTCTAATTTTGTGTGTATAGCACCAACATTTCTTCACAAAACAAGAAGCAGCATCAAACTATCTATATAGAGGGGACTA	45	0	0	21	43	37	34	31	62	26	0	0	43	58	56	23	41	0	56	33	39	29	1	0	0	59	31	18	42	0	67	31	36	0	26	36	38	60	68	0	0	25	71	30	0	19	22	0	23	0	34	20	18	70	0	61	29	36	35	0	0	55	33	0	0	22	36	54
1937085	TGCAGGGCGAGAAACCACCGAGTTACCCTGGCATTAGTGTCCTTGGGCTTGGCCATCCACTGGAGGGGAGCATGGTCCGTCACCAGAATGAAGG	24	0	0	12	13	16	0	0	0	0	0	0	0	25	0	19	23	0	23	0	25	0	0	0	1	26	19	20	24	0	23	31	21	0	30	29	0	22	30	1	0	20	23	1	0	0	20	0	28	0	21	0	17	18	0	24	24	19	12	0	0	32	18	0	0	20	0	0
1942385	TGCAGGATTCAGGAGTGAAGCTTCTCTCTGCTGGACTGGAGAATCCACACTGTACACTGGAGATACTGGTGTACACACATGCACTGTACACTGG	25	1	0	23	30	29	1	1	0	0	1	0	0	44	0	33	30	1	50	0	46	0	1	1	0	28	17	38	56	1	24	44	34	0	24	40	0	43	50	0	1	33	24	0	0	0	26	0	31	0	22	0	8	54	1	38	20	20	43	0	0	25	49	0	0	30	0	0
1943998	TGCAGGAGAAGAAAAAAAACAAACACATTTGTATCTTCTTGTGTGTGTGTTTCCTCTGGGTTCTCCGGTTTCCTTCCACCTTCAAGAAAAGCAT	50	0	0	20	41	37	24	21	53	40	0	0	30	59	21	27	36	0	55	38	28	14	0	0	0	65	37	40	37	0	58	39	37	0	26	33	36	51	82	0	0	23	47	23	0	28	25	0	35	0	22	36	16	93	1	71	36	26	23	0	0	66	35	0	0	22	29	37
1945706	TGCAGGTGTGCTTCACATAAGCAAGAAGTGCTAATATCATTAACCAGGATTGGCAGGTTTCTTTTAATATATAATATGTAATTATATATACAGT	36	0	0	27	24	21	0	0	0	0	0	0	0	24	0	30	41	0	20	0	21	0	0	0	0	32	21	29	22	0	12	22	27	0	15	36	0	10	18	0	0	29	14	0	0	0	14	0	31	0	17	0	23	27	0	24	17	35	21	0	0	29	18	0	0	28	2	0
1949356	TGCAGGATTCAGGAGTGAAGCTTCTCTCTGCTGGACTGGAGAATCCACACTGTAGATACTGAGGTACACAGACACACACACTCTCTCTCTCTCT	16	0	0	10	15	16	0	0	0	0	0	0	0	18	0	19	16	0	26	0	36	0	0	0	0	19	26	24	17	0	18	22	40	0	7	26	0	28	31	0	0	19	21	0	0	0	34	0	27	0	17	0	16	32	0	23	18	24	20	0	0	19	23	0	0	30	0	0
1954752	TGCAGGTGCTGAGCGACCCCTGAAAAAAATTATGAAAAAAGATACATACAAATCACTGAATTGTCAGTGATAATCATAGAGCCTGCTATCTATA	27	0	0	14	17	43	0	0	0	0	0	0	0	31	0	33	43	0	41	0	19	0	0	0	0	43	12	15	32	0	37	49	31	0	16	34	0	22	18	0	0	25	36	0	0	0	26	0	26	0	35	0	19	42	0	29	29	46	46	0	0	25	36	0	0	25	0	0
1954866	TGCAGGTCAAGCTGGATAGTAGACAGCGCATCCCTGAGAGTCTTCTGAAAATCCTCCTGAAACTCCTTCCTAAAATCAGCGTTGTCCTTCCTCA	76	0	0	21	35	64	0	0	0	0	0	0	0	80	23	20	25	0	32	0	12	0	1	0	32	21	41	53	61	0	28	34	32	0	37	18	0	25	29	0	0	21	21	1	0	0	36	0	23	0	40	0	15	31	0	26	30	26	62	114	0	37	54	0	25	22	32	16
1956504	TGCAGGGGAGAACATGCAAACACACGGCCCCAGCGGGAATCGAACCCCGGGCCCTGGAGGCGTGAGGCAAACGTGCTAACCACTAAGCCACCGT	20	0	0	3	9	19	0	0	0	0	0	0	0	17	0	14	20	0	13	0	27	0	0	0	0	11	12	9	18	0	21	10	22	0	7	19	0	13	16	0	0	18	23	0	0	0	18	0	18	0	13	0	15	12	0	8	18	9	9	0	0	14	18	0	0	15	0	0
1957413	TGCAGGCCATGAAAACACAGCAGGCTGGCGATAAAGTCGCTACCGATGCCACCATATCAACACTGAAAGGTACCATTGGGGAGATGGAGCACGC	48	0	0	24	6	40	0	0	0	0	0	0	0	21	0	34	33	0	36	0	37	0	0	0	0	41	19	27	49	0	44	31	18	0	14	28	0	26	21	0	0	45	24	0	0	0	26	0	22	0	46	0	33	26	0	25	12	16	22	0	0	23	53	0	0	16	0	0
1957463	TGCAGGTATTTGGAGAACCCAGAGAAATCTCAAATGGACACGGAGGAGAACATACGCACAAACTCAGTAACCTGACCTCAGGATTGAAGCAGGT	18	0	0	26	32	25	0	0	0	0	0	0	0	31	0	31	25	0	30	0	41	0	0	0	0	37	27	27	31	0	35	40	40	0	22	34	0	29	35	0	0	28	23	0	0	0	28	0	16	0	21	0	12	18	0	34	46	27	40	0	0	23	32	0	0	19	0	0
1962734	TGCAGGATTCAGGAGTGAAGCTTCTCTCTGCTGGACTGGAGAATCCACACTGGAGATACTGGTGTACACACACGCACTGTACACTGGAGTACAC	40	0	0	13	20	33	0	0	0	0	0	0	0	17	4	33	31	0	33	0	36	0	0	0	0	34	15	20	20	0	28	28	27	0	18	28	0	18	28	0	0	27	29	0	0	0	25	0	21	0	18	0	10	31	0	22	27	28	17	0	0	27	22	0	0	22	0	0
1972214	TGCAGGTGATTTGCTAAATCTGATTGGCGTATTATAACTATGCACTATATATTCTACCGTCTAGTGTATGAATTTTAGAAGGATAGTATCGTCT	39	0	0	14	0	68	0	0	0	0	15	0	0	3	0	28	25	0	33	0	36	0	0	0	0	0	0	17	22	0	32	37	20	0	27	0	0	18	77	0	0	29	35	0	0	0	22	0	30	0	12	0	13	19	0	31	24	19	26	0	0	40	0	0	24	67	30	0
1972752	TGCAGGTGTAGAAATGATCTGGGTCGCTCCGGTCTCTCCCTCTGAGCATGTAGGCTCCGCTGGGGCTTGTAGACCTCCTTCAGAGGTTGAGCCT	14	0	0	14	20	36	0	0	0	0	0	0	0	28	0	33	16	0	16	0	38	0	0	0	0	44	26	26	28	0	29	26	37	0	9	34	0	28	26	0	0	27	36	0	0	0	21	0	17	0	25	0	24	34	0	23	27	29	22	0	0	43	21	1	0	23	0	0
1982694	TGCAGGAGGCGAGCGAGGCATACCTGGTCAGTCTGTTCGAGGACACCAACCTGTGCGCTATCCACGCCAAGAGAGTGACCATCATGCCCAAGGA	31	1	16	13	41	12	15	0	0	1	37	1	2	16	21	30	20	1	14	14	36	12	0	33	0	6	13	19	12	1	34	38	45	20	16	34	0	18	19	22	1	11	28	0	28	0	12	0	30	19	17	0	24	37	26	39	18	11	12	4	0	14	26	1	3	11	0	3
1990809	TGCAGGAGGCGAGCGAGGCATACCTGGTCGGTCTGTTCGAGGACACCAATCTGTGCGCTATCCACGCCAAGAGAGTCCCATCATGCCCAAGGAT	11	0	0	22	14	14	0	0	0	0	0	0	0	9	0	21	14	0	16	0	20	0	0	0	0	12	16	10	16	0	13	11	15	0	9	22	0	24	24	0	0	18	7	0	0	0	16	0	15	0	11	0	8	14	0	14	15	14	8	0	0	16	24	0	0	18	0	0
1993531	TGCAGGAAGGTACATTTCAGGGAAGAGTGTTGTTCTAGAAACTACAACATTCCTCCAATTTAGTGGACCTAAGGTAATTGAATTATATAAAAGT	41	0	27	31	24	31	0	46	0	0	0	36	33	31	0	19	20	0	77	0	31	0	0	41	0	45	61	81	28	0	27	26	37	0	31	45	41	71	28	30	0	21	39	31	43	0	35	1	27	0	25	0	10	25	0	35	36	46	21	0	54	30	40	0	54	53	51	12
1994496	TGCAGGTCATGAAAACACAGCAGGCTAGTGATAAAGTCGCTACCGATGCCACCATATCAACACTGAAAGGTTCCGTTGGGGAGATGGAGCACGT	15	0	0	10	6	21	0	0	0	0	0	0	0	12	0	19	20	0	14	0	19	0	0	0	0	14	4	19	16	0	15	21	15	0	11	16	0	7	14	0	0	9	14	0	0	0	22	0	18	0	10	0	7	15	0	19	14	20	11	0	0	22	24	0	0	18	0	0
2002560	TGCAGGAATCCCTTCAGAAGGAGACAAAAGTGAACAAGCGTTTGTCAATGGAAAACGAGGAGCTGCTGTGGAAGCTTCAGAACGGAGACCTGAG	26	0	0	21	14	27	0	0	0	0	0	0	0	34	0	23	34	0	28	0	25	0	0	0	0	16	39	33	29	0	29	43	45	0	17	34	0	22	13	0	0	30	21	0	0	0	32	0	23	0	22	0	24	17	0	28	26	23	22	0	0	34	23	0	0	33	0	0
2003827	TGCAGGGCCATGACGGCCGAGCTCTGGAAACGCAAGTCGGTCTTGAAGTCCTGAGCGATTTCTCTCACCAGGCGCTGGAAAGGCAGCTTGCGGA	25	1	0	15	31	34	0	0	2	1	1	0	1	30	0	27	35	0	22	1	32	0	0	2	0	27	14	26	30	0	30	35	28	0	13	36	0	21	37	0	0	22	28	0	0	1	17	1	17	1	19	1	20	37	0	23	19	22	33	2	0	25	28	1	0	28	2	0
2010422	TGCAGGAAGAGGACGAGGACATGAACGTGGACATGAACGTGGACATGAACGTGGACATGCTGAAGTACACTCAGAAAGATCTGGACACTGCTCT	31	0	0	26	11	27	0	0	0	0	0	0	0	37	0	26	35	0	37	0	40	0	0	0	0	24	24	28	25	0	23	32	31	0	14	35	0	30	25	0	0	36	11	0	0	0	18	0	24	0	23	0	14	23	0	20	9	23	20	0	0	34	23	0	0	18	0	0
2011416	TGCAGGGGAGAACATGCAAACACACGGCCCCGGCGGGAATCGAAACCCTGGAGGCGTGAGACGAACGTGCCAACCTCCAAGCCAACGTGCGCCC	20	0	0	18	10	22	0	0	0	0	0	0	0	16	0	33	21	0	29	0	23	0	0	0	0	29	23	32	32	0	34	36	27	0	12	13	0	42	17	0	0	27	26	0	0	0	16	0	22	0	23	0	22	31	0	21	27	30	29	0	0	20	23	0	0	18	0	0
2013675	TGCAGGTGGGTGAAGAGCAGTCACCTCTCTCATTGGAATGCGAGCTGTGTGTTTCTGCGAATCGCCTGATATACATGCACTTCCGGGGTGTCCA	26	0	0	29	23	30	0	0	0	0	0	0	0	29	0	50	0	0	27	0	37	0	0	0	0	21	0	39	42	0	28	23	46	0	21	33	0	28	27	0	0	26	30	33	23	0	39	0	13	0	23	0	26	27	0	25	37	39	34	0	0	24	30	0	0	28	0	0
2014239	TGCAGGGGACTGGATGGATCATTTTTAGAAGCTTCTTCACATGGATCCATGCAGGGGTCAGGCTAGATCCATTTTAGAAACTTCTTCAGAAGGA	14	0	0	10	14	23	1	0	0	0	0	0	0	20	0	27	14	0	19	0	12	0	1	0	0	27	15	8	18	0	21	7	20	0	14	18	0	30	28	0	0	22	24	0	0	0	11	0	16	0	11	0	12	14	1	10	12	17	10	0	0	11	12	0	0	9	0	1
2020098	TGCAGGTCGAGCTGGATAGTAGATAGCGCATCACTGAGAGTCTTCTGAAGATTCTCCTGGTGTTTCTGGTGCTCCCGGAACTCCTTCCTAAAAT	32	0	0	12	33	29	0	0	0	0	0	0	0	47	0	35	23	0	29	0	23	0	0	0	0	46	25	18	50	0	23	27	25	0	18	33	0	28	17	0	0	30	35	0	0	0	26	0	29	0	32	1	14	43	0	24	22	29	26	0	0	36	29	0	0	17	0	0
2021199	TGCAGGGAGATGCGGGTGACCCCTACCTGGAGTTTGTCAAGATGCTGCCCCCTTCTGACTGCCGTTATGCTCTGTATGATGCCACCTATGAGAC	29	0	0	18	21	37	0	0	0	0	0	0	0	60	0	21	38	0	17	0	28	0	0	0	0	21	46	36	41	0	30	35	27	0	30	23	0	32	52	0	0	35	21	0	0	0	80	1	31	0	32	27	30	34	0	41	36	34	22	0	0	26	34	0	0	28	0	0
2021344	TGCAGGAAGTCTACAGGTTCGAGAGGAGTCATCGCATCCAGCTGGTGAAAGTGGAACAACACAGACAATCGCCGACAACACAGGTGACACTGCG	17	0	0	30	10	20	0	0	0	0	0	0	0	50	0	23	35	0	34	0	38	0	0	0	0	35	23	33	51	0	22	37	28	0	24	15	0	32	40	0	0	38	22	0	0	0	26	0	28	0	27	0	19	25	0	23	31	31	25	0	0	23	28	0	0	23	0	0
2037804	TGCAGGAAGAGGACGAGGACATGAACGTGGACATGCTGAAGTACACTCAGTAAGATCTGGACACTGCTCTGGAAATGACCCGAAAACAGGTGCA	72	0	0	84	16	20	1	0	21	0	0	0	24	67	34	40	37	23	20	22	20	0	40	0	0	21	11	35	26	0	86	49	64	0	42	26	0	74	29	18	54	35	38	45	0	32	35	0	74	0	62	0	16	47	93	14	20	45	28	37	0	72	38	15	19	18	0	0
2044444	TGCAGGGGAAACGGCACACATTCTTAACACAAACTGAATGCAGTCACACTTGTATAAGTTCCAGGTGTCGGTCATATTGTTATTTAGAGGTCAC	41	0	0	28	32	39	0	0	0	0	0	0	0	32	0	40	41	0	37	0	40	0	0	0	0	31	28	29	28	0	31	21	45	0	27	37	0	45	41	0	0	31	32	0	0	0	30	0	26	0	38	0	31	29	0	50	29	39	22	0	0	34	19	0	0	36	1	0
2053061	TGCAGGGAGCAAATGTGGCATGTTTGAGATCACTGACTGCAACCAGGAGACATCTGATCAGGAATTCAGTATTTTCACTTATAGAAGATTGTGT	26	0	0	47	24	30	0	0	0	0	21	0	0	40	0	21	46	0	20	0	30	0	0	0	0	32	31	34	28	0	41	27	21	0	21	16	0	36	38	0	0	28	22	0	0	0	30	2	24	0	31	0	23	31	0	29	26	26	36	0	0	43	21	0	0	17	0	0
2061059	TGCAGGACGATTGCAGAGTTTCTTTATTTGTAAACCATACAGGAGTACACAAGATATGGCAGGCAGGCGCAAGAGATGAGAGTTCAATAGCCTA	21	0	0	10	7	9	0	0	0	0	0	0	0	20	0	14	7	0	8	0	21	0	0	0	0	6	12	12	5	0	13	18	19	0	16	15	0	16	19	0	0	19	18	0	0	0	18	0	9	0	8	0	3	3	0	16	18	14	15	0	0	14	17	0	0	12	0	0
2066742	TGCAGGAGACTTTGCGCAACATTATTTTGCTAGTAAGCATTGTGTTTCTTTGTTTTGAGCAGATGCACTTCCAATGAGCAACAGAAAACTGAAA	32	0	0	14	17	35	0	0	0	0	0	0	0	38	0	23	37	0	27	0	38	0	0	0	0	37	26	25	39	0	28	33	35	0	23	43	0	28	35	0	0	26	23	0	0	0	30	0	10	0	13	0	15	32	0	21	34	23	22	0	0	17	29	0	0	25	0	0
2068341	TGCAGGGGTCTGTGAAGCATTGCTATTGTTTATAAAATCACATAAAAATTTAGTTGCACCAATAAAAATCCCAACCTACCAAGTTGTTATATTT	42	34	0	26	41	22	1	24	23	17	28	0	0	26	0	25	25	19	33	0	23	32	1	1	55	77	30	20	65	0	17	28	26	29	15	57	0	27	53	0	17	47	40	0	0	0	15	1	17	24	24	16	60	18	44	18	24	64	45	0	0	23	55	9	0	20	0	0
2074032	TGCAGGTGTAGAAATGCTCTGAGTCACTCCGGTCTCTCCATCTGAGCTTGTAGGCTCTTCTGGGGTTTGTAGACTTCCTTCAGGGGTTGAGCCG	45	0	0	30	29	21	0	0	0	1	0	0	0	39	0	37	32	0	40	0	40	0	0	0	0	8	19	52	23	0	28	31	41	0	30	41	0	24	18	0	0	29	32	0	0	0	26	0	20	0	25	0	17	40	0	24	20	30	25	0	0	20	38	0	0	35	1	0
2078479	TGCAGGACGATTGCAGAGTTTCTTTATTTGTAAACCATACAGGAGTGCACAAGATATGTCAGGCAGGCGCAAGAGATGAAAGTTCAATAGCCTA	26	0	0	15	17	35	0	0	0	0	0	0	0	26	0	28	27	0	24	0	44	0	0	0	0	15	22	35	33	0	38	17	40	0	31	17	0	10	33	0	0	28	20	0	0	0	31	0	23	0	33	0	8	37	0	30	15	17	42	0	0	29	32	0	0	21	0	0
2081868	TGCAGGGCGAGAAACCACCGAGTGACCCAGGCGTTCGTGTCCTTGGCCTTGGCCATCCATTGCAGGGGCGCGTGGTCTGTGACCAGGACAAAGT	20	1	10	7	11	46	0	12	0	0	0	17	0	23	1	14	15	1	10	0	16	0	17	0	11	24	22	11	19	0	17	17	7	15	24	16	0	15	16	0	0	32	16	0	0	0	16	0	16	19	25	19	9	28	0	14	17	14	5	2	16	6	16	0	0	23	0	1
2094239	TGCAGGCTGAACTTTGTAGGCTATGTCAGCGGATTCGGGCATGAGCATAACTTGGTTAGACAGGTTAGCAAATGTAGCCATGAGTAGAGCTTGG	56	0	0	53	43	61	0	1	0	0	0	1	0	62	0	53	70	1	67	1	67	0	0	0	4	51	69	70	48	0	44	63	63	1	48	54	2	64	76	2	1	42	45	0	1	1	44	0	52	1	43	0	32	68	0	54	45	55	64	1	0	67	62	0	1	51	0	3
2094523	TGCAGGCTAAACAACAACATTGTGTTGAGATTATCCTCTGGGTGGAGACTAAAGATTGACGGGTGTTGTCAGGTCCGGAGCTTGGTCCCACCCT	15	0	0	27	15	31	0	2	0	2	1	0	0	46	0	32	39	0	28	0	25	0	0	0	0	41	22	26	25	0	31	21	51	0	35	20	0	31	38	0	0	25	35	0	0	0	21	0	31	0	20	1	19	35	0	25	20	46	29	0	0	26	44	0	0	26	0	0
2113382	TGCAGGCATTAAAAGAACTGAAGCTGGAAATGAAATATAAAAACATAATTCAATCAGGTAAGCCTTGAGTATGTCATAGGTGTAGGGTACGTGG	39	0	0	21	17	36	0	0	0	0	0	0	0	47	0	25	32	0	38	0	35	0	0	0	0	33	16	28	34	0	32	27	45	0	35	28	0	30	39	0	0	30	21	0	0	0	30	0	14	0	32	0	14	22	0	15	33	33	29	0	0	31	23	0	0	14	0	0
2114664	TGCAGGATTCAGCAGTGAAGCTTCTCTCTGCTGGACTGGAGAATCCACACTGTACACTGGAGATACTGGTGTACACACACGCACTGTACACTGG	26	1	0	28	12	23	0	0	0	0	0	0	0	31	0	36	21	0	17	0	29	0	1	0	0	27	22	20	13	0	15	17	30	0	7	14	0	25	27	0	0	19	21	0	0	0	35	0	19	0	36	0	20	20	0	31	30	27	16	0	0	16	20	0	0	26	0	0
2118457	TGCAGGTGCACTCATACATCATCTCAATAATAAAGCTAGCAACATCACCCGTTTCTAACACATTATTAAATCAGATATTCGTATCAGTGTTGAC	27	0	0	17	19	22	0	1	0	0	0	0	0	35	0	48	0	0	56	0	26	0	0	0	0	21	0	19	38	0	27	32	42	0	34	23	0	36	41	0	0	23	26	0	0	0	36	0	20	0	25	0	20	51	0	29	32	40	41	0	1	37	30	0	0	28	0	0
2119385	TGCAGGATTAGAACACAAACAGCCACTTCCATTTCCATCCGGTGTCACTGGTTGTAGCTGAAAAATCAGGCTCATTGACTTGGTATGCATGTTG	27	0	0	19	20	33	0	0	0	0	0	0	0	23	0	28	39	0	29	0	34	0	0	0	0	24	28	25	35	0	25	35	32	0	20	12	0	33	26	0	0	35	31	0	0	0	20	0	22	0	21	0	21	46	0	25	29	19	41	0	0	28	41	0	0	20	0	0
2120331	TGCAGGTTATTGACACTAAGGTTCAGATCTCTCTGTCTGGAGGAGTTTGATCTGAGAACTGAAGACAGAACTCTACAGTTTTCCTGTCAGATTA	35	0	0	26	28	34	0	0	0	0	0	0	0	27	0	38	18	0	41	0	19	0	0	0	0	27	44	41	27	0	48	18	32	0	22	20	0	24	41	0	0	17	23	0	0	0	46	0	16	0	45	0	16	36	0	18	40	18	29	0	0	32	35	0	0	22	0	0
2121081	TGCAGGAGTTAATCAAGGCCCTGCCTACAGGCAAGTCTTCACGGTCAGATGGCTTTGCCCCTGAGCTTTTCAAATCTTATGCTACAGAACTGGC	29	0	0	14	25	23	0	0	0	0	0	0	0	28	0	34	26	0	38	0	30	0	0	0	0	16	29	33	55	0	23	34	41	0	9	18	0	25	23	0	0	37	21	0	0	0	28	0	25	0	23	0	19	11	0	31	36	37	38	0	0	24	33	0	0	32	0	0
2133560	TGCAGGTGTAGAAATTCTCTGAGGCACTCCGGTCTCTCCCTCTGAGCACGTAGGCTCTTTTGGGGCTTGTAGACCTCCTTCAGGGGTTGAGCCG	17	0	0	29	23	24	0	0	0	0	0	0	0	29	0	33	34	0	26	0	27	0	0	0	0	29	30	15	15	0	18	25	12	0	16	30	0	27	28	0	0	32	37	0	0	0	8	0	21	0	30	0	30	42	0	18	29	27	35	0	0	46	29	0	0	18	0	0
2139856	TGCAGGTCTGGACGCAAAAGCCGCAGATAAGTGTAGGGATTCCACCCCAACAGAACATGAAACCCAAGTGACATGCTGTCTGCTCCCCTGGCTT	41	0	0	36	0	33	0	0	0	0	0	0	0	44	0	44	0	0	33	0	39	0	0	0	0	30	0	22	31	0	47	31	35	0	20	28	0	28	37	0	0	21	38	29	38	0	41	0	15	0	50	0	9	35	0	0	25	0	30	0	1	27	39	2	0	46	0	0
2143051	TGCAGGTTGTTCTAAGATTGGTGGAGTGAGACGATCTTGTGCATCAAAGAACTCTTCTTCTGATTCTGACCCACTGTTTCTGCTGTCTTTTGCT	28	0	0	20	12	29	0	0	0	0	0	0	0	31	0	26	28	0	41	0	16	0	0	0	0	30	20	49	16	0	22	22	34	0	29	38	0	42	31	0	0	22	23	0	0	0	21	0	19	0	17	0	8	35	0	19	17	25	34	0	0	31	14	0	0	32	0	0
2144348	TGCAGGAAGAGGACGAGGACATGAACGTGGACATACTGAAGTACACTCAGAAAGATCTGGACACTGCTCTGGAAATGACCCGAAAACAGGTGTG	31	0	0	27	29	26	2	0	1	0	0	0	0	44	0	41	31	0	49	0	37	0	0	0	0	37	21	51	32	0	30	29	43	1	19	17	0	25	47	0	0	29	20	0	0	0	30	0	9	0	31	1	15	32	0	32	36	30	42	1	0	30	29	0	0	25	0	0
2168924	TGCAGGCGCTCTCTCCTACTGTCTAACACACTCATCATAACGCTCATCAGTTTTTATACACACACACACACACACACACACACACACACACAAT	40	0	0	11	21	22	1	0	0	0	0	0	0	29	24	30	36	0	27	0	32	0	20	0	30	0	25	29	12	59	16	30	35	0	13	26	0	22	32	0	40	32	26	0	19	0	21	0	45	0	25	0	8	25	42	26	29	29	17	0	14	31	22	0	16	52	44	0
2172938	TGCAGGATTCAGGAGTGAAGCTTCTCTCTGCTGGACTGGAGAATCCACACTGTACACTGGAGATACTGGTGTACACTGGAGTACACAGACACAC	46	0	0	21	18	27	0	0	0	0	0	0	0	15	0	25	30	0	38	0	46	0	0	0	0	34	18	35	38	0	25	29	35	0	31	36	0	20	28	0	0	42	30	0	0	0	39	0	30	0	23	0	22	34	0	32	50	30	21	0	0	33	25	0	0	21	0	0
2177084	TGCAGGAGGCCCTTCTTGGTCTTCTTGGAGGAGGGAAGCTTCTCCCCCTCCCTGACGAACTGAATAGATGGAGCAGCTTTCATGTGGGTCTGAT	32	0	0	18	23	26	0	0	0	0	0	0	0	20	0	22	34	0	34	0	28	0	0	0	0	33	26	27	28	0	20	27	27	0	12	19	0	38	26	0	0	32	21	0	0	0	35	0	25	0	26	0	17	20	0	31	44	29	24	0	0	33	18	0	0	12	0	0
2179373	TGCAGGCTCACCCTGCTGCAGCCCCTTCGTACTTAGTTTTTTCAGCTCTAAAAACAGGAGGGTGTTTTCCCTTTTCTTAATGTGTCTAATTTAT	23	0	1	16	22	15	0	0	0	0	0	0	1	38	0	30	21	0	27	0	22	0	0	0	0	28	18	24	12	0	20	28	31	0	15	31	0	25	29	0	0	14	24	0	0	0	28	0	18	0	32	0	23	24	0	32	25	17	23	0	0	32	52	0	0	17	0	0
2179731	TGCAGGAAGAATACGAGGACATGAACGTGGACATGCTGAAGTACACTCAGAAAGATCTGGACACTGCTCTGGAAATGACCCGAAAACAGGTGTG	36	0	0	25	31	23	0	0	0	0	0	0	0	27	0	30	33	0	32	0	38	0	0	0	0	31	19	32	28	0	22	34	45	0	26	35	0	34	21	0	0	38	28	1	0	0	32	0	21	0	32	0	16	35	0	17	33	49	28	0	0	38	34	0	0	24	0	0
2180983	TGCAGGGCGAGAAACCACCGCGTGACCCGGGCGTTCGTGTCCTTGGCCTTGGCCATCCATTACAGGGGCGCGTGGTCTGTGACCAGGACAAAGT	29	1	0	19	19	26	0	0	1	0	0	0	0	24	2	19	15	1	30	0	25	0	0	1	0	24	15	11	27	0	38	21	28	0	11	24	0	17	24	0	0	32	9	0	0	1	30	0	11	0	17	0	16	27	0	17	30	20	17	0	0	12	30	1	0	10	0	0
2181101	TGCAGGCAAAAAGAAATCATATTAAAGCAACCATGAACTCAACCCCAATGAAGCAAAGACCCACAAATAGGCCACAGAAGAGTAACCAGCATGC	30	0	0	34	39	26	0	0	0	0	0	0	0	37	0	39	36	0	29	0	45	0	0	0	0	30	36	27	41	0	27	35	34	0	37	26	0	75	40	0	0	31	42	0	0	0	31	0	24	0	37	0	24	35	0	41	43	20	36	0	0	56	37	0	0	27	0	0
2186604	TGCAGGAAGAAGAGTCCCATGACAAGGATCTTCCTTGTTACCACGGAAACAGAGAGGGCACAGTGCTCCCTGTGACGTGTTATTAAGGACAATG	18	0	0	14	18	33	2	0	1	0	0	0	0	36	0	41	0	0	34	0	41	0	0	0	0	35	0	26	28	0	31	35	38	0	19	32	0	38	35	0	0	21	30	10	33	0	29	0	27	0	33	0	19	53	0	33	40	31	30	0	0	46	38	0	0	24	0	0
2191192	TGCAGGTCAAGCTGGATAGCCAGAGAGTGTCATGGAGCTTCTGGAGCTCCTTTTTTTAAAAAAAATATTGGAGATGTTCTTCCTCAGTAAAGCC	24	0	0	21	21	24	0	0	0	0	0	0	0	24	0	23	25	0	30	0	29	0	0	0	0	31	11	22	33	1	34	34	36	0	18	31	0	32	18	0	0	21	44	0	0	0	26	0	17	0	23	0	29	19	0	44	30	19	25	0	0	29	31	0	0	13	0	0
2194521	TGCAGGTTTCATCTCCAACCAAGAACGTCTTAAGGCAATGATTAGATGGTCAGGTGGGCATGATTAAGTTTGGAGCAAAAGTCTTCAGGAAGGT	29	0	47	27	23	23	0	34	0	0	0	20	34	29	0	26	43	0	73	0	37	0	0	43	0	38	50	40	26	0	40	37	41	0	74	42	43	86	14	44	0	32	20	24	41	0	39	0	13	0	25	0	19	26	0	28	32	35	33	4	37	33	34	0	55	52	31	22
2198184	TGCAGGGCTGTCACCATGATGCATAACCTTACATCTCTTCTCATTTCATATGCTACACTGTCATCAGCCCTCACCAATTAGCTTGACTGTAGCA	60	17	0	13	29	21	1	17	18	14	18	0	0	33	0	18	17	9	22	0	12	29	4	0	13	24	15	20	35	0	15	35	21	26	15	48	0	10	50	0	0	30	35	0	0	0	25	0	10	22	21	21	29	47	34	32	6	19	35	0	0	8	38	20	0	19	0	0
2205167	TGCAGGAGACACAGGTAGCACACAGAGAAGAGGAGGAGCTAGGCAGGGCTGTGACAGACTGTACATCTGTATTTGCCTGTGTTCATATCCATGT	24	0	0	11	11	27	0	0	0	0	0	0	0	25	0	22	28	0	26	0	22	0	0	0	0	24	17	20	22	0	27	24	28	0	11	25	0	10	13	0	0	24	14	0	0	0	13	0	6	0	16	0	8	26	0	13	9	9	19	0	0	32	21	0	0	10	0	0
2205504	TGCAGGCTCCACTGAGAACATTGCTCAGCTTTCCTGGTCTGCTGAGAACTTTGCTCTGCTTTCCTGTTTTGCAGAGGATGTCACCATGCTTTCC	28	0	0	24	15	35	0	0	0	0	0	0	0	27	0	30	26	0	38	0	35	0	0	0	0	17	32	26	17	0	22	42	24	0	31	35	0	23	23	0	0	36	29	0	0	3	32	0	19	0	22	0	20	34	0	31	45	36	55	0	0	37	41	0	0	27	0	0
2213311	TGCAGGTTAGGGATGGTCTGGTGTTGAGGTTTGTGGAGGCCAGTGAGAGTCTTTATGATCTCTCCAAGGGTCAAGGCCACGAGATGCAGTCTTT	20	0	0	14	19	37	0	0	0	0	0	0	0	23	0	18	22	0	23	0	20	0	1	0	0	11	21	23	17	0	22	19	20	0	10	21	0	10	22	0	0	26	24	0	0	0	17	0	21	0	16	0	10	32	0	26	16	30	22	0	0	16	21	1	0	27	0	0
2216255	TGCAGGGCCATGACGGCCGAGCTCTGGAAACGCAAGTCGGTCTTGAAGTCCTGAGCGGTTTCTCTCACCAGGCGCTGGAAGGGCAGCTTGCGGA	21	0	0	9	27	28	0	2	2	2	1	0	0	31	0	28	24	0	30	0	39	1	2	0	1	37	23	33	29	0	17	34	31	2	15	31	0	21	12	0	1	22	28	0	0	0	13	1	31	2	19	0	30	25	0	28	16	15	32	0	0	33	31	1	0	22	1	0
2223423	TGCAGGGCGAGAAACCACCGAGTTACCCTGGCATTAGTGTCCTTGGACTTGGCCATCCATTGGAGGGGAGCATGGTCCGTTACCAGGGTGAAGG	22	0	0	14	13	30	0	0	0	0	0	0	0	37	0	25	13	0	27	0	26	0	0	0	0	25	27	20	34	0	30	34	26	0	18	25	0	16	37	0	0	31	19	0	0	0	21	0	10	0	12	0	14	46	0	16	21	39	19	0	0	18	31	0	0	14	0	0
2227270	TGCAGGCAGGAAGGTTTTGGTAAAAACACTAGAGCTTTTCTTAAATCCACCACATTGATGCTTATTTAAAAAAAAAAAAAGAACTCATTGTTGG	12	0	0	6	12	4	0	0	1	0	0	0	0	13	0	8	4	0	9	0	13	1	0	0	0	4	14	15	5	0	14	13	22	0	4	5	0	11	9	0	0	7	4	0	0	0	14	1	11	0	16	0	8	8	0	12	10	10	6	0	0	6	13	0	0	8	0	0
2229130	TGCAGGAAGGTAGAGCTCAAGGAACAGGGTTGGTGACCACTGCTCTACCAGATTGATATTTACATTTATTCACTTAGCAGACAATCTTATCCAA	24	0	0	26	27	41	0	0	4	0	0	0	0	40	0	43	49	0	24	0	35	0	0	0	0	33	42	32	32	0	39	32	37	0	26	27	0	33	32	0	0	27	37	0	0	0	37	0	21	0	35	0	33	34	0	39	32	12	32	0	0	32	37	0	0	21	0	0
2243265	TGCAGGTCATCTGACAGCAGCCATGTGGAAAATGGGAGCAAACTGCTGCGTTGACTAAAGACATGCAGAAGCTTATTTGTTTGAACTGGCCAAG	30	0	0	28	38	33	2	0	0	0	0	0	0	28	0	30	38	0	30	0	38	0	0	0	0	33	38	27	38	0	36	25	35	0	21	42	0	31	46	0	0	32	40	0	0	0	29	1	36	0	31	0	18	33	0	33	25	43	32	0	0	37	33	0	0	27	1	0
2246439	TGCAGGAAGTCTACAGGTTCGAGAGGAGCCATCGCATCCAGCCGGTGAAAGTGGAGCAACACAGACAATCGCCGACAACACAGGTGACCCTGCG	27	0	0	16	30	35	0	0	0	0	0	0	0	36	0	34	34	0	45	0	38	0	0	0	0	31	39	24	44	0	35	44	35	0	28	51	0	36	29	0	0	19	46	0	0	0	21	0	19	0	41	0	15	39	0	26	31	31	27	0	0	42	44	0	0	22	0	0
2249219	TGCAGGAAACTCAACTCATCCAGACAACAGAGGCGGCGACCGCAGCCCTAGGGCAGTTAGAGCAGGCCCAGGATCAGCTAAGGGACTAGTTGCA	34	0	0	14	25	23	0	0	0	2	0	0	0	41	0	30	39	0	27	0	22	0	1	0	0	26	30	22	36	0	17	30	56	0	25	39	0	25	32	0	0	31	23	0	0	0	29	0	10	0	23	0	16	22	0	28	31	32	24	0	0	43	23	0	0	29	0	0
2253824	TGCAGGGGGCAAAACATATTCTTTAACACCTCAGTCAGTGAAGCAAGAGGAACAGTTTCAGCTTATTTGAGCTCTACAATACTTTCAGTATTTT	64	0	0	43	12	36	0	0	0	0	0	0	33	47	0	47	18	1	27	0	22	0	0	0	0	20	14	21	29	0	47	15	36	0	36	27	0	27	23	0	0	0	21	0	0	0	30	0	14	0	22	0	11	42	0	31	27	35	20	0	0	36	20	0	27	30	0	0
2266786	TGCAGGTCATGAAAACACAGCAGGCTAGCAATAAAGTCGCTACCGATGCCACCATATCAACACTGAAAGGTTCCGTTGGGGAGGTGGAGTACGC	17	0	0	36	18	24	0	0	2	0	0	0	0	32	0	43	32	0	27	0	39	0	0	0	0	37	18	24	29	4	28	28	21	0	24	22	0	14	31	0	0	31	15	2	0	0	24	0	22	0	23	0	22	27	0	29	25	29	13	2	0	28	44	0	0	13	1	0
2272012	TGCAGGAGTGTGTTAGCCTGTGTTGTTGTTGTTATGTGAATGGTCTTGTTTTATATGCTGCATTCTGCTTTTACTCTGCTGAGGTGTGTGTGTG	17	0	0	29	0	18	0	0	0	0	0	0	0	22	0	23	0	0	33	0	33	0	0	0	0	35	1	34	29	0	30	19	20	0	12	10	0	20	19	0	24	18	23	21	24	0	17	0	21	16	34	15	14	23	0	0	42	0	26	0	0	23	18	0	0	7	0	0
2273401	TGCAGGATTGAACACACCTGGATGTGGATGCAGCTATGATCCTGTACTCCTTACTCTGCTTCTTTTCCTGATAAATGTGATTCTCAGACAGAAT	12	0	0	19	29	38	0	0	0	0	0	0	0	28	0	22	0	0	19	0	40	0	0	0	0	20	0	32	40	0	39	46	34	0	13	33	0	18	46	0	0	24	50	0	0	0	29	0	38	0	21	0	19	32	0	36	43	30	33	0	0	27	31	0	0	28	0	0
2293145	TGCAGGTACTCCGGTTTCCTCACCCAGTCCAAAGACATACGTTGACATGATTGGCATTACCCATTATTTGTAGTGTGCGTGTGATTGTGCCGTG	63	0	0	39	13	45	0	0	0	0	0	0	0	36	0	21	35	0	27	0	48	0	0	0	0	35	40	35	18	0	26	39	54	0	29	22	0	25	19	0	0	21	26	0	0	0	31	0	36	0	32	0	30	40	0	20	31	34	27	0	0	24	27	0	0	21	0	0
2303493	TGCAGGTCATGAAAACACAGCAGGTTAATGATAAAGTCGCTACCGATGCTACCATATCAACACTGAAAGGTACTGTTGGGGCACTGTTGGGGAA	25	0	0	10	17	18	0	0	0	0	0	0	0	26	0	17	26	0	14	0	29	0	0	0	0	26	13	24	35	0	15	23	23	0	7	36	0	15	10	0	0	13	7	0	0	0	11	0	17	0	28	0	16	25	0	14	34	28	18	0	0	42	25	0	0	10	0	0
2306490	TGCAGGTCATGCTGGATATTAGACAGCGCATCCCTGAGAGTCTTCTGTTGATTCTCATGGTGATTCTCCTGGTGCTTCAGATGATCCTGAAACT	23	0	0	23	33	19	0	0	0	0	0	0	0	29	0	28	21	0	28	0	34	0	0	0	0	31	21	32	21	0	30	33	27	0	23	31	0	26	26	0	0	23	15	0	0	0	34	0	28	0	24	0	18	25	0	18	25	12	19	0	0	27	40	1	0	20	0	0
2310759	TGCAGGTTATTGACACTAAGGTTCATATCTCTCAGTCTGGAGGAGTTTGATCTGAGAACTGAAGACAGAACTCTACAGTTTTCCTCTGTCAGAT	31	0	0	18	4	17	0	0	0	0	1	0	0	39	0	29	21	0	33	0	20	0	0	0	0	32	30	38	16	0	14	34	22	0	19	28	0	41	45	0	0	29	35	0	0	0	23	0	23	0	24	0	12	33	0	32	41	23	29	0	0	44	34	0	0	20	0	0
2316438	TGCAGGACAGAGTTAAGAGGTCAGTGAATGTGTGTCACTGTGTATGAAGACACCACTCTGCTTCTTTCTCTAGCGGGGTGTCGTCCGTTACCTG	24	0	0	19	28	26	0	0	0	0	0	0	0	41	0	32	35	0	41	0	38	0	0	0	0	26	25	27	47	0	34	48	26	0	36	31	0	43	31	0	0	30	31	0	0	0	35	0	31	0	33	0	29	36	0	32	25	37	28	0	0	58	41	0	0	20	0	0
2317032	TGCAGGTTATTGACACTAAGGTTCAGATCTCTCAGTCTGGAGGAGTTTGATCTGAGAAATGAAGACAGAACTCTACAGTTTTCCTCTGTCAGAT	93	0	33	69	82	78	26	0	1	0	44	0	0	102	35	125	77	0	76	27	96	34	0	34	0	77	100	90	95	0	99	117	112	27	51	117	0	89	70	36	0	74	90	1	36	0	84	1	84	39	75	0	73	118	53	97	94	98	81	0	0	75	86	1	0	66	1	0
2322776	TGCAGGGTGCATTTTGATGGAGGTTTTTCATCTTGTGAAATATAATTGCGCTGTTTCAAAGGGCTGAAGTGCTGGAAAGCAACGTATTTCAGTT	34	0	0	26	28	26	0	0	0	0	0	0	0	50	0	42	31	0	33	0	38	0	0	0	0	28	38	28	27	0	30	40	25	0	24	31	0	29	38	0	0	18	45	0	0	0	47	0	21	0	32	0	9	37	0	21	40	40	36	0	0	33	29	0	0	33	0	0
2324169	TGCAGGCCTCTGTTATTTCACATTCCAAGACAATAATGACCTAAATTACAAATCCAAGTCCACAAAGGAATGGGTTCAGAAGATGATGATCAAG	24	0	0	32	23	34	0	0	0	0	0	0	0	41	0	19	0	0	35	0	40	0	0	0	0	38	0	49	30	0	28	35	38	0	39	32	0	67	43	0	0	41	30	21	29	0	26	0	31	0	20	0	17	33	0	41	27	45	32	0	0	33	46	0	0	28	0	0
2330677	TGCAGGCCCTGACATCTCTCAAGCGAGTTGGATATCTGCAAGCTCTCTCTTTTGCCCCTTCCTGCCTTGACTTTACCAATGGATTAGTCAAGGC	13	0	0	11	8	27	0	0	0	0	0	0	0	14	0	12	22	0	17	0	30	0	0	0	0	22	14	18	15	0	11	23	17	0	5	26	0	19	18	0	0	20	22	0	0	0	24	0	11	0	15	0	7	20	0	17	8	13	22	0	0	25	16	0	0	13	0	0
2343507	TGCAGGGCGAGAAACCACCAAGTGACCCGGGCGTTCGTGTCCTTGGCCTTGGCCATCCATTGCAGGGGCGCGTGGTCTGTGACCAGGACAAAGC	25	0	0	37	9	19	0	0	0	0	0	0	0	24	0	21	21	0	21	1	25	0	0	0	0	21	24	25	22	0	23	36	25	0	21	20	0	30	18	0	0	23	23	0	0	0	16	0	28	1	23	0	12	21	0	16	25	17	25	0	0	23	27	0	0	21	0	0
2355062	TGCAGGGGTTTTTTCGTTTTATTTTGATTTGATCAGGACCCCACAGTGCGTCTGAGTCCAATGTCGCACGTCTACTTGCATATCTGCTACATTT	36	0	0	10	25	37	1	0	0	0	0	25	0	38	19	33	58	0	20	25	34	0	25	45	0	71	15	41	19	0	33	78	40	0	41	28	47	31	37	29	29	33	39	30	37	0	23	0	16	0	30	0	24	49	0	32	26	48	22	0	0	34	38	20	21	59	31	39
2363757	TGCAGGTCATGAAAACACAGCTGGCAAGTGATAAAGTTGCTACAGAAGCTACCATATCAACACTGAAAGGTACTGTTGGGGAAATGGAGCACGC	26	0	0	30	27	28	0	0	0	0	0	0	0	31	0	37	37	0	32	0	20	0	0	0	1	58	42	41	27	0	32	36	54	0	37	24	0	47	26	0	0	27	47	0	0	0	32	0	13	0	27	0	28	33	0	37	30	27	37	0	0	24	37	0	0	28	0	0
2370263	TGCAGGACTTCTGTTTCCAGGTTCAACACCGGGTGGGGACCCTACACGGGAACGCAGACGGGCTCTCGCGGAGGGACGCGCTATGGGCCCACCA	24	0	0	15	19	18	0	0	0	0	0	0	0	29	0	17	26	0	28	0	25	0	0	0	0	25	21	11	20	0	29	21	35	0	6	17	0	13	23	0	0	34	20	0	0	0	14	1	16	0	18	0	26	12	0	25	23	18	20	0	0	20	19	0	0	14	0	0
2378978	TGCAGGGAAAAGTCTTCATACTTCTCAGCTTTTTTTGAGAGAGAGCAAGAGAGAAAGCGAGGGAGAGAGAGAGAGAGAGAGTGTGTGTGAGAGA	21	42	0	21	1	30	2	4	2	6	0	1	0	51	4	15	1	3	30	5	30	5	4	8	4	20	2	14	25	1	35	24	25	2	24	27	2	47	24	4	1	28	29	20	34	4	26	2	19	6	21	2	23	47	4	25	33	23	33	4	4	27	23	1	6	19	4	2
2386220	TGCAGGTAACTGGACATGATTGTAAATATTGTACGTGTGTGGAGACGTATGAGCGATGGGCTCACACAGACGCAGCTGGGAAAGTGTTTATTAC	25	0	0	48	20	39	0	0	0	0	0	0	0	21	0	24	42	0	35	1	60	0	0	0	0	24	27	33	48	0	33	36	32	0	25	31	3	33	32	0	0	46	20	0	1	0	36	0	20	0	23	0	14	31	0	21	46	19	42	0	0	33	38	0	0	36	0	0
2397391	TGCAGGGTGTCCAAAGACATGGATCAGCATGGTAGGCTGATTGGTGTGTCTAAATTGTCCATGGTTCCAGTAATCCATGTCCTTAGTCTGCTTG	24	0	0	15	30	19	0	0	0	0	0	0	0	44	0	24	33	0	27	0	28	0	0	0	0	33	35	24	36	0	30	28	28	0	30	24	0	23	24	0	0	11	26	0	0	0	25	0	17	0	27	0	21	23	0	32	38	16	20	0	0	27	21	0	0	29	0	0
2410294	TGCAGGACATATATAGGACTTCGGAGCTGAATGAGAAATGCATCTTTTATTGCAAGCTAACTTGGGTTTTTGGAGTATAAAGATGCATCTGTGC	33	0	0	20	32	35	1	0	0	0	0	0	0	39	0	19	22	0	40	0	38	0	0	0	0	50	26	26	30	0	37	44	35	0	24	26	0	34	32	0	0	38	32	0	0	0	35	0	24	0	20	0	16	51	0	32	39	38	36	0	0	33	30	0	0	37	0	0
2413654	TGCAGGAACTGTCTGTAAACATGGTGCCATTTGAGCGTATGCACTTCTTCATCCCTGGCTTTGCCCCACTGACCAGCAGGGATGTCCAGCCATA	72	0	0	41	41	45	0	0	0	0	0	0	0	72	1	49	74	0	74	0	72	0	0	0	0	47	54	66	80	0	44	64	42	0	34	55	0	40	43	0	0	56	50	0	0	0	62	0	44	0	44	0	46	60	0	68	53	68	53	0	0	63	58	0	0	46	0	0
2420544	TGCAGGTCATGGAAACACAGCAGGTTAATGAAAAAGTCGCTACCGAGGCTACCATATCAACACTGAAAGGTACTGTTGGGGAAATGGGGCACGC	20	0	0	31	34	46	0	0	0	0	0	0	0	30	0	26	30	0	25	0	38	0	0	0	0	29	18	43	39	0	25	32	43	0	26	43	0	31	37	0	0	38	22	0	0	0	26	0	23	0	25	0	17	38	0	26	37	25	19	0	0	50	20	0	0	20	0	0
2424942	TGCAGGGTAAGTTAAAAATGCTTCCTGCCTGAGTCACCAGCGCCGCCCTGAGTAAGCAAATAGCCAGATATGCAACACTAGTTGAAAACCTGCA	24	0	0	14	18	40	0	0	0	0	0	0	0	38	0	39	22	0	34	0	38	0	0	0	0	27	22	23	24	0	23	32	35	0	37	27	1	33	40	0	0	32	30	1	0	1	38	0	34	0	35	0	18	26	0	34	20	36	37	0	0	46	33	0	0	21	0	0
2433804	TGCAGGAAGCCCATTGAGTGTGTTATCATTGTGCTAGGACTACATGTTGAAATTAAAGGTACTTTAATAAAATGAAGATTAATTAAAATTCAAA	32	0	0	23	24	40	0	0	0	0	0	0	0	46	0	38	51	0	32	0	48	0	0	0	0	35	30	32	19	0	25	29	43	0	20	26	0	38	30	0	0	39	24	0	0	0	36	0	17	0	32	0	26	45	0	46	41	22	31	0	0	40	38	0	0	36	0	0
2447970	TGCAGGTTCAGTATGTTGGGGCCATGAACCACCAGAGGCTTCACCTATACACACTGTCGCGACAGACTGGCACTCGGCGCGAGGAGAAAGGAAA	23	0	0	21	17	17	0	0	0	0	0	0	0	16	0	25	18	0	35	0	37	0	0	0	0	17	23	17	24	0	13	24	17	0	15	17	0	23	17	0	0	8	24	0	0	0	14	0	24	2	13	0	14	17	0	8	22	12	17	0	0	19	27	1	0	14	0	0
2448914	TGCAGGGCGAGAAACCACCGAGTGACCCAGGCGTTTGTGTCCTTGGCCTTGGCCATCCATTGTAGGGGCGCGTGGTCTGTGACCAGGACAAAGT	21	0	0	8	7	10	0	0	0	0	0	0	0	17	0	11	26	0	20	0	13	0	0	0	0	13	19	5	24	0	23	16	19	0	16	10	0	7	22	0	0	18	19	0	0	0	11	0	2	0	11	0	12	13	0	16	11	16	5	0	0	10	15	0	0	13	0	0
2511926	TGCAGGGGGATGGAAACTGAAACAGTTCAAGTGTCAAAGGCCTTTTAACTAGCAAAGTCCCAAACAATGTCTTATTACTTTATTGGGCACCATT	28	0	0	33	23	29	0	0	0	0	0	0	0	34	7	33	41	0	40	0	32	0	0	0	0	28	27	34	29	0	18	20	29	0	14	33	0	29	20	0	0	21	29	0	0	0	20	0	16	0	17	0	31	41	0	25	32	41	18	0	0	31	25	0	0	23	0	0
2512153	TGCAGGGCCAGGCGCTGGCGGCGGTAGGCAGGTAGTAGGGTGTGAACCAGTCTGGGAGGAGAGAGAGCGAGAGAGAGAGAGAGAGACACACAAT	39	0	0	21	0	28	0	0	0	0	0	0	0	32	0	35	0	0	38	0	36	0	0	0	0	18	0	23	0	0	33	22	48	0	21	34	0	22	29	0	0	29	15	11	34	0	16	0	59	0	32	0	33	32	0	0	16	22	0	0	0	51	22	0	51	22	0	0
2523678	TGCAGGAAGTCTACAGGTCCGAGAGGAATCACCGCATCCAACTGGTGAAAGTGGAACAACTCGGACAATAGCCAACAACACAGGTGACACTGTG	26	0	0	22	34	31	0	0	0	0	2	0	0	28	0	28	22	0	52	0	36	0	0	0	0	34	21	35	34	0	38	34	25	0	22	43	0	33	25	0	0	28	23	0	0	0	27	0	22	0	41	0	31	28	0	28	30	43	32	0	0	29	34	0	0	26	0	0
2545351	TGCAGGAGAAATTCTTAACAGGAAAGAAACTGCTGAGATACATATTACTGAGAAAAAAATATTGTGCTTAATCTTTTAAAATATACAGAGACAA	27	0	0	23	27	26	0	0	0	0	0	0	0	42	0	24	42	0	26	0	40	0	0	0	0	45	19	29	39	0	48	27	30	0	21	48	0	39	31	0	0	24	23	0	0	0	16	0	23	0	13	0	9	35	0	20	34	23	23	0	0	36	31	1	0	16	0	0
2546864	TGCAGGAAGCTCAGTCCAAGGGAAGGAGGGATGGATGGATGGATGAATAATTTTATTTGTCCTCAAAGAGGAAATTTGTTTCCACCATGGGTGC	29	0	0	26	19	20	1	0	0	0	0	0	0	43	0	35	47	0	34	0	27	0	0	0	0	41	29	51	33	0	28	34	32	0	22	32	0	31	27	0	0	46	31	0	0	0	29	0	15	0	30	0	23	34	0	15	37	33	45	0	0	21	27	0	0	25	0	0
2548286	TGCAGGTGCAAGTTCATTAAAAAAAATGGTTAAAAAGTCTAGAAATCAATTGACATTTACAAGAAAAGTGCAAAATTACAAAAGGTAGTGAACA	33	0	0	39	13	30	0	0	0	0	0	0	0	34	0	27	32	0	58	0	43	0	0	0	0	65	39	41	46	0	32	34	38	0	31	32	0	42	34	0	0	27	36	0	0	0	31	0	14	0	44	0	24	45	0	24	45	40	34	0	0	28	34	0	0	25	0	0
2562310	TGCAGGTGTAGAAATTATGTCTGGGTCACTCCAGTCTCTCCCTCTGAGCATGTAGGCTCCTCTGGGGCTTGTAGACCTCCTTCAGAGGTTGAGC	39	0	1	13	26	22	0	0	0	0	0	0	0	47	2	19	34	0	35	0	28	0	0	0	0	32	29	36	33	0	27	25	34	0	24	27	0	29	29	0	0	27	16	0	0	0	25	0	28	0	24	0	14	22	0	33	38	39	31	0	0	30	31	0	0	20	0	0
2591842	TGCAGGGGCCAAGGAACAAATCTTCTCAGTTAGTGGTGAGCCCAACATTATGTAACCTTCTTCAAAGGGTTTGGTGTACTTTTTATTAGCTTCA	74	30	0	29	43	35	0	33	47	25	44	0	0	18	0	47	34	18	42	0	48	17	10	0	27	32	37	27	55	0	32	34	36	41	27	78	0	27	62	0	0	54	78	0	0	0	30	0	27	22	41	64	40	71	53	46	37	75	68	0	0	33	75	52	0	38	0	0
2616897	TGCAGGTGGCACTGTCTGTGGCTGCAGAGTTCTGGGAGCAGGGTGACCTGGAGAGGACTGTACTGGAGCAACAACCTATTGTGAGACATTCACC	21	0	0	10	16	15	0	0	0	0	0	0	0	19	0	9	10	1	7	0	18	0	0	0	0	12	16	19	16	0	18	23	17	0	22	12	0	8	20	0	0	10	21	0	0	0	18	0	19	1	28	0	8	22	0	12	24	14	15	0	0	13	22	0	0	14	0	0
2652518	TGCAGGGCAGACATGCCAGGAAAAAAACCTTTGCAAGACTTCAGTTGGCCAATCAGCATGTATGCAAAGACACGGGACAGTTAGCGGAAAGTCA	64	0	0	19	35	21	30	20	75	45	0	0	25	53	35	15	18	0	45	29	33	28	0	0	0	52	19	37	28	0	39	26	44	2	20	25	27	56	88	0	0	30	60	27	0	28	30	1	29	0	13	48	26	63	0	69	37	34	19	0	0	58	34	0	0	19	38	26
2669421	TGCAGGTTCCCTTTGTTTAAATTTTAAATGACATCACTAGTGACTTAAAGTTTAGTGGTAATAGCGATTCAGAGACATTACCTTCGATTACCCT	19	18	0	20	10	19	0	2	0	20	0	23	20	21	24	13	34	0	42	0	28	0	25	0	20	32	20	20	26	0	23	24	53	0	38	19	0	42	35	0	21	24	27	0	46	0	23	0	20	0	13	21	14	15	0	9	56	22	55	0	29	32	26	0	12	14	37	0
2669720	TGCAGGTAAGTGCACGGTTTTGGACGCAGCCGTGTTCACTTGTTTGCCGTCAAACGGTTGAGCACTGCCGTGTGTGTACGTGTCCTGTCGCAAA	27	0	0	17	23	12	0	0	0	0	0	0	0	16	0	23	29	0	15	0	26	0	0	0	0	13	15	22	30	0	30	22	26	0	21	24	0	21	29	0	0	11	18	0	0	0	21	0	13	0	18	0	19	28	0	22	28	20	24	0	0	27	21	0	0	17	0	0
2683780	TGCAGGTCAAGCTGGATAGTAGACAGCGCTTCCCGGAGAGTCTTCTGGAGCTCGTGGAGCTCCGTTTTAAAAATATCGGCGATGTCCCTCCTCA	27	0	34	15	18	22	0	18	0	0	0	29	0	31	0	42	29	0	60	0	31	0	0	58	0	29	52	57	37	0	33	27	45	0	43	44	46	45	32	19	0	36	22	1	0	0	30	0	19	0	41	0	20	24	0	30	11	41	28	0	16	52	31	0	24	46	33	36
2727840	TGCAGGGTAAGTTAAAAATGCTTCCTGCCTGAGCCGCCCTGAATAAGCAAATAGCCAGATATGCAACACTGGTTGAATACCTGCACGAAAGCTT	33	0	0	31	20	47	0	0	0	0	0	0	0	24	0	30	23	0	14	0	44	0	0	0	0	42	26	24	36	0	27	29	39	0	12	35	0	26	20	0	0	9	35	0	0	0	22	0	38	0	14	0	20	19	0	49	35	35	26	0	0	19	18	0	0	20	0	0
2736784	TGCAGGAGGCGAGCGAGCCATACCTGGTCGGTCTGTTCGAGGACACCAACCTGTGCGCTATCCACGCCAAGAGAGTGACCATCATGCCCAAGGA	18	0	0	17	13	17	1	0	0	0	0	0	0	24	0	28	27	1	29	0	34	1	0	2	0	16	18	25	25	0	12	32	27	0	12	27	0	15	17	0	0	22	19	0	0	0	14	0	22	0	19	0	27	35	0	24	10	19	12	1	0	27	20	0	0	16	0	0
2760805	TGCAGGTGTAGAAATGATGTCTGGGTCGCTCCAGTCTCTCCCTCTGAGCATGTAGGCTCCTCTGGGGCTTGTAGACCTCCTTCAGAGGTTGAGC	25	0	0	23	26	29	0	0	0	0	0	0	1	32	0	21	21	0	35	0	29	0	0	0	0	34	26	36	30	0	20	23	15	0	19	35	0	28	39	0	0	26	27	0	0	0	19	0	25	0	26	0	17	42	0	29	42	23	39	0	0	35	22	0	0	19	0	0
2761737	TGCAGGCCGGTGGGTGTAACTAGGCCACCAACTGTATATACACTCTGTGATTCTTGTAATACAGTCAGCTTCATAATTATTGGCACCCTTGCTA	24	0	0	28	27	32	0	0	0	0	2	0	0	23	0	43	31	0	31	0	27	0	0	0	0	29	18	46	37	0	44	26	35	0	9	24	0	37	29	2	0	43	38	0	0	0	41	0	37	0	35	1	30	32	0	34	36	18	38	0	0	42	24	1	0	34	0	2
2767995	TGCAGGTCGAGCTGGATAGTAGACAGCGCATCCCTGAGAGTCTTCTGAAGATTCTCCTGGTGCTTCTCCTGTTGTGTCTCCTGGTGCTTCTGAT	21	1	0	15	9	26	0	0	0	0	0	0	0	26	0	39	42	0	17	0	24	0	0	0	0	16	11	30	18	1	32	31	27	0	17	26	0	20	23	0	0	25	20	0	0	0	26	1	21	0	20	0	24	41	0	16	23	24	26	0	0	27	38	0	0	27	1	0
2776484	TGCAGGGTAAGTTAAAAATGCTTCCTGCCTGAGTCACCAGCACCGCCCTGAATAAGCAAATAGCCAGATATGCAACACTGGTTGAAAACCTGCA	43	0	0	10	18	31	0	0	0	1	0	0	0	34	0	25	34	0	22	0	29	0	0	0	0	24	20	28	22	0	44	27	30	0	22	44	1	20	30	1	0	24	29	0	0	0	29	0	23	0	26	0	36	25	0	32	35	36	32	0	0	25	28	0	0	25	0	0
2871747	TGCAGGCTGAACATGATGTCACATTGGGAAGATTGCAGAAGTGCTATCTATAGTTTCCAGTCAGCTAGGATTTTTTTTTTTTGACATATGCAGT	13	1	2	10	16	17	0	2	1	1	2	0	2	29	1	16	18	1	27	2	23	3	0	2	1	19	22	21	18	0	26	27	19	0	23	26	1	10	32	0	0	17	21	1	2	4	26	1	15	2	27	0	14	21	1	26	18	25	21	1	1	15	20	1	2	16	2	0
2882585	TGCAGGACCCAACCTCCTAACGTGTAAGATAAATAAATAATGAAAGTGTCTAAACGTTTGACCGGTAGCGTATGTTTTCAATGCAAGTGCTAGA	38	0	0	19	28	36	0	0	0	0	0	0	0	23	0	19	37	0	36	0	30	0	0	0	0	30	23	27	36	0	35	26	36	0	38	27	0	24	32	0	0	27	30	0	0	0	33	0	11	0	15	0	29	28	0	24	39	39	35	0	0	21	35	0	0	15	0	0
2923541	TGCAGGGGTTGAAACGTCAGCTGTATAGATGAACAGAAACCAGTTTAACGACATGAGGGAATTGAAAATAAAATTCAATGCAGCCTACATGATT	45	1	0	28	22	29	0	0	0	0	0	0	1	31	1	32	28	2	38	1	46	2	1	0	0	33	29	23	49	1	26	37	33	2	11	35	2	34	25	1	0	39	51	0	0	2	26	0	28	0	22	1	29	32	0	26	22	38	31	3	0	25	37	0	0	33	1	2
2947665	TGCAGGCTCAAGTTCAGTCTGTCCAAGTGACACAGCATCTCAACCAAAAAGGCCAGATCCATAATCCACTCGAGGTCCGAGAGCTCGGGATAGT	20	0	0	21	22	21	1	1	0	0	1	1	1	35	1	15	31	1	20	1	37	0	1	0	0	27	18	43	26	0	28	15	32	1	12	31	0	28	27	1	0	43	16	0	1	2	24	0	9	2	18	2	19	35	1	20	25	14	32	0	2	47	34	0	0	14	1	0
2949284	TGCAGGGATGATCTTGTAGAACAAATTGCCTGCGTCCGTAAGCTTTAAGAGTTGTGCTGGTCTTTAACATGAGCAGGTTTGCGTTTCAACAAAG	52	0	0	20	27	16	0	0	0	0	0	1	0	35	0	40	18	0	50	0	43	0	0	0	0	21	29	41	23	0	39	28	51	0	33	33	0	25	17	0	0	28	31	0	0	0	30	0	30	0	32	0	7	45	0	16	24	29	30	0	0	27	38	0	0	23	0	0
2978238	TGCAGGATTTCTCCTTCCAGGTCCAGCACCGGGCGGGGGCCCTGCATGGGAATGCGGATGGGCTCTCACGACGAGACACGCTCTGGGCCCACCT	16	0	1	7	12	15	1	4	0	1	2	1	0	19	0	16	7	0	13	0	15	1	2	2	3	11	9	11	8	0	13	12	23	0	6	14	3	8	4	0	0	13	24	2	0	1	18	1	20	2	19	0	13	11	2	4	17	12	18	2	0	12	13	2	2	7	1	2
2979167	TGCAGGAATTTAAATGCAAATATAAAATGTGTAAGGTTTAACCTGCGGTTGACTGACTGGTAGATAAGAAACACAAAACATATCCGTCAGTAAC	47	0	0	22	29	30	0	0	0	0	0	0	0	52	0	55	38	0	37	0	33	0	0	0	0	42	27	40	33	1	20	37	46	0	23	34	0	45	29	0	0	30	39	0	0	0	36	0	25	0	17	0	23	37	0	31	23	38	33	0	0	43	23	0	0	25	0	0
2996446	TGCAGGGTGAGAAACCACCGAGTGACCCGGGCGTCCTTGGCCTTGGCCATCCATTGCAGGGGCGCGTGGTCTGTGACCAGGACAGAGTGTCGGC	18	0	0	10	3	14	0	0	0	0	0	0	0	18	0	10	13	0	9	0	17	0	0	0	0	12	7	7	24	0	6	13	11	0	6	18	0	19	7	0	0	17	14	0	0	0	8	0	7	0	9	0	5	21	0	12	9	17	11	0	0	19	6	0	0	7	0	0
3005387	TGCAGGCATCTCTGTCTGACCAGGTTCTCAAAACAACTGCCTCATTATGAACGGCAGTGCTGGGCCTCACTGTATTAGTAGCAGTAATTAGTCC	28	0	0	22	29	40	0	0	0	0	0	0	0	47	0	34	59	0	59	0	29	0	0	0	0	34	44	37	44	0	39	27	32	0	19	37	0	30	34	0	0	26	23	0	0	0	32	0	42	0	32	0	25	42	0	18	25	39	41	0	0	56	48	0	0	35	0	0
3039282	TGCAGGTTTCATAGCTTAATACATCCTTTCAGTAGAAAAAGAAAATTTATTAAATCAAGCTCCAAAAACGTCTTAGTTGGATGTGGCAGGATTT	61	0	30	30	18	36	0	0	0	0	0	0	0	36	0	67	21	0	23	0	35	0	0	0	0	21	23	19	17	0	33	28	36	0	17	50	1	25	32	0	0	17	29	0	0	0	44	0	44	0	24	0	25	23	0	26	29	27	19	0	0	56	32	0	0	36	0	0
3062421	TGCAGGTCGAGCTGGATAGTAGACAGCGCATCACTGAGAGTCTTCTGAAGATTCTCCTGGTGCTTCTGGTGCTCCCGGAACTCATTCTTAAAAT	36	0	0	17	34	35	0	0	0	0	0	2	0	41	0	30	17	0	36	0	38	0	0	0	0	24	20	24	20	0	29	16	35	0	21	31	0	27	34	0	0	27	27	0	0	0	31	0	24	0	18	0	6	28	0	28	28	29	30	0	0	33	38	0	0	26	0	0
3086694	TGCAGGATATCTTTTATTGTGATTAGGAAAATGTGCCACTGAATGATAAGGGGAATCCTCAGTGGGTAGTATAGGAGTTGTTGTAGAAGTGAAA	35	36	0	60	27	43	0	0	0	22	47	0	25	35	34	54	62	0	41	0	42	0	0	0	39	25	50	19	23	0	68	64	40	0	73	43	0	64	39	0	0	27	23	22	34	34	33	0	55	0	20	23	23	38	36	30	63	31	32	0	34	36	38	1	38	35	53	0
3094560	TGCAGGTTCAGTATGTTGGGGCCATGAAGCACTAGAGGCTTCACCTATATACACACACACACACACACACACACACACACACACACACACACAC	13	0	0	7	8	12	0	0	0	0	0	0	0	17	0	6	10	1	20	0	8	0	0	0	0	12	6	4	2	0	16	14	12	0	6	10	0	5	6	0	0	9	8	0	0	0	9	0	4	0	15	0	2	13	0	10	9	7	8	0	0	6	10	0	0	13	0	0
3111941	TGCAGGTCAAGCTGGATAGCAGACAGCGCATCCTGAACATCTCCTGGAACTCCTTTTTAAACATACCAGCAATGTCCTTCCTCAGTGAAGCCAG	45	0	0	17	38	33	0	0	0	0	0	0	0	24	0	28	0	0	37	0	48	0	0	0	0	25	0	35	46	0	32	47	42	0	23	54	0	27	29	0	0	37	24	20	16	0	29	0	27	0	33	0	16	26	0	25	28	46	23	0	0	36	38	0	0	26	0	0
3159663	TGCAGGTCAAGCTGGATAGTAGGCAATGCACCCCTGAGATTCTCTTGGAGCTCCTGGAGCTCTTTTTAAAAATATCGGCAATTTCCTTCCTCAG	40	0	0	18	26	30	0	0	0	0	0	0	0	59	0	21	20	0	28	0	27	0	0	0	0	38	26	25	41	0	40	25	38	0	23	26	0	22	31	0	0	24	30	0	0	0	23	0	22	0	26	0	19	29	0	23	33	31	34	0	0	31	25	0	0	43	0	0
3176937	TGCAGGTTATTGACACTAAGGTTCAGATCTCTCTGTCTGGAGGAGTTTGATCTGAGAACTGAAGACAGAATTCTACAGTTTTCCTCTGTCAGAT	18	0	0	12	18	43	0	0	0	1	1	0	0	29	0	21	29	0	25	0	32	0	0	0	0	42	19	26	23	0	27	33	27	0	36	30	0	45	37	0	0	24	29	0	0	0	42	0	25	0	24	0	10	50	0	31	39	34	31	0	0	38	45	0	0	10	0	0
3188181	TGCAGGAGCTGGCCTGTTGGGGGGGGGGTACAAGGGTCTTTTGACGACCTAGTGGACCTAACTATTATATTGGATCGTCTCCGTCTAACCAACC	5	0	0	5	5	9	0	0	0	0	0	0	0	9	0	10	11	0	11	0	22	0	0	0	0	15	17	8	14	0	5	12	19	0	8	18	0	11	15	0	0	11	8	0	0	0	9	0	9	0	13	0	5	8	0	19	5	5	8	0	0	25	11	0	0	7	0	0
3207317	TGCAGGAGGCGAGCAAGGCATACCTGGTCGGTCTGTTCGAGGACACCAACCTGTGCGCTATCCACGCCAAGAGAGTGAAAAGCATGCCCAAGGA	31	0	0	10	17	23	0	0	0	0	0	0	0	15	0	34	20	0	29	0	26	0	0	0	0	9	7	28	15	0	28	21	13	0	12	16	0	24	21	0	0	15	11	0	0	0	30	0	9	0	26	0	11	12	0	16	9	11	10	0	0	30	18	0	0	7	0	0
3229460	TGCAGGCCATGAAAACACAGTAGGCCAGCGATAAAGTCGCTACCGATGCCACCATATCCACACTGAAAGGTACTGTGGGGGAAATGGGGCACGC	45	0	0	20	27	30	0	0	0	0	0	0	0	38	0	37	29	0	52	0	35	0	0	0	0	26	39	33	50	0	33	19	29	0	21	31	0	38	16	0	0	32	22	0	0	0	21	0	13	0	31	0	18	36	0	24	35	32	33	0	0	23	17	0	0	21	0	0
3241766	TGCAGGGCCATGACGGCCGAGCTCTGGAAACGCAAGTCGGTCTTGAAGTCTTGAGCGATTTCTCTCATCAGGCGCTGGAAGGGCAGCTTGCGGA	37	0	0	15	22	17	0	0	0	0	0	0	0	34	0	20	29	0	25	0	31	0	0	0	0	23	19	39	33	0	33	28	38	0	29	31	0	36	21	0	1	20	19	0	0	0	34	0	24	0	28	0	14	39	0	21	18	23	21	0	0	34	20	0	0	15	0	0
3328873	TGCAGGGAGCAGACACAGTAAGCTCTCTCTCTCATTCTCACTCAATCAAGACGAAATCTTTACCATCTTATCTTTATACCAAACAAAACCCACC	23	1	0	18	28	35	53	0	0	0	0	0	0	35	38	20	29	0	33	0	44	0	40	0	33	0	35	31	35	59	44	40	54	0	21	44	0	19	31	0	20	20	26	0	33	0	26	0	43	0	31	0	20	27	37	24	32	17	33	0	25	31	29	16	29	52	43	0
3377013	TGCAGGTGCATTGTCCGCGCTTTGAAAGACCCAAATACGTTTCTGTTTGACCATCTCCTGGCTCTGAAACCTGTGCGCTTCCTGGAGGGAGAGC	19	0	0	26	15	32	34	0	0	0	0	0	0	33	33	32	30	0	25	0	29	0	26	0	21	0	5	24	31	46	39	14	45	3	12	22	0	22	10	0	27	27	28	0	31	0	31	0	37	0	32	0	22	27	41	12	28	26	14	0	15	25	22	12	14	41	24	0
3382668	TGCAGGTCATCTTGTACTGTAATCCTATCACTTGCCCATAAGATCTAATCCCTACCGCAATGCTCCAGACCATCTCTCAAGATCTCCTCCCCTT	32	0	0	20	12	24	0	0	0	0	0	0	0	24	0	22	26	0	33	0	25	0	0	0	0	27	13	16	18	0	25	19	29	0	24	19	0	18	9	0	0	28	18	0	0	0	20	0	23	0	31	0	17	21	0	25	21	19	18	0	0	21	41	1	0	15	0	0
3444482	TGCAGGCCATGAGCAGACTCGTGTTAAACAGGAGCTCTCAAACTAACGATCACTTTCTGTACACCGGGACCCTTTTATCTGTTAGAACTCCACG	33	0	0	13	18	11	0	0	0	0	0	0	0	19	0	12	18	0	25	0	15	0	0	0	0	12	14	29	20	0	17	14	15	0	25	24	0	21	20	0	0	6	18	0	0	0	16	0	12	0	30	0	10	20	0	9	32	20	15	0	0	27	31	0	0	15	0	0
3468003	TGCAGGTTATTGACACTAAGGTTCAGATCTCTCAGTCTGGATGAGTTTGATCTGAGAACTGAAGACAGAACTCTACAGTTTTCCTCTGACAGAT	26	0	0	19	13	23	0	0	0	0	0	0	0	13	1	33	34	0	15	0	18	0	0	0	0	30	23	24	22	0	20	35	61	0	44	24	0	23	17	0	0	20	23	0	0	0	26	0	15	0	28	0	26	26	0	22	18	18	26	0	0	26	42	2	0	29	0	0
3508524	TGCAGGATAACAAACATTTTGTCAAGGTAAAGGATGAGTGGCTGGTTCTCCAACAGATGGTCTGGGGTGGGACGGCCCTTTCTCCTTGTTTTCC	33	0	0	22	15	23	0	0	0	0	0	0	0	42	0	38	0	0	19	0	27	0	0	0	0	33	0	24	23	0	39	34	36	0	37	25	0	36	29	0	0	14	21	0	0	0	26	0	32	0	22	0	10	29	0	19	36	33	26	0	0	36	25	0	0	26	0	0
3556130	TGCAGGATTGAGTAAAGATTTGGCTTTTTGCTCTGTCTGAACTCCCTCTCTTCTTTGCTCAGTCTTGGTCTCCTCGTCTTCTCTTCTGCCTGAA	31	0	0	24	0	31	0	0	0	0	0	0	0	60	0	47	0	0	26	0	35	0	0	0	0	39	0	34	29	0	26	26	40	0	40	34	1	38	27	0	0	33	30	27	42	0	27	0	34	0	29	0	9	47	0	36	26	0	21	0	0	40	44	0	0	23	0	1
3573221	TGCAGGGCGAGAAACCACCGAGTGACCCGGGCGTTCGTGTCCTTGGCCTTGGCCATCCATTGCAGGGGCGCGTGGTCAGTGACCAGGACAAAGT	23	0	0	0	13	22	0	0	0	0	0	0	0	22	0	19	24	0	32	0	26	1	0	0	1	18	16	10	23	0	20	23	11	0	13	16	0	13	23	0	0	25	25	0	0	0	15	1	17	0	22	0	11	17	0	9	21	28	17	0	0	17	15	0	0	13	0	0
3662005	TGCAGGTTCAGTATGTGGGGGCCATGAACCACCAGAGGCTTCACCTATACACACACACACACACACACACACACACAGAGGATCTTTTATTTCT	19	1	2	12	17	20	2	1	16	4	0	0	1	46	1	19	8	2	16	1	25	0	0	0	1	32	15	22	21	1	26	35	22	1	33	20	1	41	26	2	2	14	25	9	0	3	17	3	7	1	44	4	9	20	3	21	18	34	13	1	1	38	31	2	1	7	0	3
3705498	TGCAGGTCGGGTCGATGCACCGAAACCACGCTGCCTTAGGTATCCGCCCCCCTCCTTAGGTTGACGTCAGACGGACCTTTTTGACGGGTTTATG	13	0	0	10	13	15	0	0	0	0	0	0	0	28	0	30	11	0	25	0	24	0	0	0	0	35	22	15	30	0	25	20	28	1	17	11	0	18	22	0	0	16	18	0	0	0	22	0	20	0	21	0	11	27	0	17	11	14	8	0	1	23	23	0	0	17	0	0
3711947	TGCAGGATTCAGGAGTGAAGCTTCTCTCTGCTGAACTGGAGAATCCACACTGTACACTGGAGATACTGGTGTACACACACGCACTGTACACTTG	24	0	0	18	23	27	0	1	0	0	0	0	0	35	0	27	37	0	32	0	33	0	0	0	0	36	17	29	11	0	32	17	25	0	14	26	0	29	18	0	0	18	31	0	0	0	17	0	28	0	27	0	22	45	0	22	40	20	36	0	0	19	31	0	0	24	0	0
3896514	TGCAGGGTAAGTTAAAAATGCTTCTTGCCTGAGTCACCAGCGCCGCCCTGAATAAGCAAATAGCCAGATATGCAACACTGGTTGAATACCTGCA	27	0	0	14	41	31	29	0	0	0	24	0	0	31	23	29	18	0	39	27	37	24	0	38	0	21	31	13	37	0	49	70	58	24	11	46	0	41	21	32	0	22	60	2	42	0	23	0	21	24	32	0	32	52	24	69	32	29	28	3	0	31	25	0	0	27	0	0
3941059	TGCAGGATTCAGGAGTGAAGCTTCTCTCTGCTGGACTGGAGAATCCACACTGTAGATACTGAGGTACACAGACACACACTCTCTCTCTCTCTCT	30	0	0	14	19	18	0	0	0	0	0	0	0	18	0	31	37	0	26	0	42	0	0	0	0	30	16	31	15	0	27	20	29	0	18	29	0	18	21	0	0	27	27	0	0	0	9	0	10	0	19	0	8	33	0	19	24	20	25	0	0	29	28	0	0	11	0	0
3986133	TGCAGGTGCTCAGCTGCATCCTGCTTGAACACAAGGTATGAAGTTGCCCACATGCTGTTCTCAAGCTTTGTAGCCATGTTCTCAGGCTCTTTTC	30	24	0	21	0	17	0	0	39	0	0	0	0	35	0	31	0	0	36	21	24	0	0	0	0	18	0	32	25	0	22	20	33	0	20	36	0	49	36	0	0	18	35	43	30	0	31	0	27	0	20	0	16	28	1	35	14	47	19	0	0	33	30	1	0	24	0	0
4002659	TGCAGGATGAGTGACATCATCACTCGGAGACAGAGAGCACCGTGGTGGTGGCCTGACTGGATGTATAATGTGTTAGGAGAGTCTAAAGAGCATG	20	0	0	15	17	24	0	2	0	0	0	0	0	41	0	30	32	0	36	0	42	0	0	0	0	31	32	25	37	0	28	52	39	0	25	26	0	27	32	0	0	32	22	0	0	0	28	0	31	2	28	0	17	33	0	25	36	55	36	0	0	24	18	0	0	14	0	0
4028529	TGCAGGCTCCACTGAGCAGGCTCCACTGAGAGCAAGCCGAGCATGGTGCGCGAGCACCTGCTTTTTTGTTGTTGACAATTGTGACATGTAGACA	31	0	0	16	19	46	0	0	0	0	0	0	0	22	0	15	36	0	29	0	49	0	0	0	0	29	23	25	41	0	25	19	42	0	25	27	0	32	38	0	0	34	16	0	0	0	37	0	21	0	37	0	23	44	0	38	43	26	36	0	0	35	23	0	0	30	0	0
4041645	TGCAGGTCCGACTGTCTGCATTCACATTCATGCAGTCTGATCCCGCTCGTACAAATCACCGATTTAGAATGCTTTTGACCTCCTATGCTGAAAA	17	0	0	19	21	31	0	0	0	0	0	0	0	24	0	18	32	0	31	0	28	0	0	0	0	30	25	25	19	0	39	37	37	0	12	23	0	24	22	0	0	29	23	0	0	0	22	0	24	0	41	0	26	33	0	27	29	28	28	0	0	23	29	0	0	19	0	0
4174341	TGCAGGTTATTGACACGGTATTGACAAGGTTCAGATCTCTCAGTCTGGAGGAGTTTGATCTGAGAACTGAAGACAGAACTCTACAGTTTTCCTC	47	0	0	21	15	36	0	0	0	0	0	0	0	33	0	32	25	0	29	0	22	0	0	0	0	29	28	26	14	0	38	32	45	0	23	23	0	32	25	0	0	24	18	0	0	0	25	0	23	0	36	0	20	30	0	48	35	46	30	0	0	22	35	0	0	20	0	0
4210702	TGCAGGATGATGTTATTCACCTTCACACACACACACACACACACACACACACACACACGAAATTTGGTTTTACTATCTTTGTGAGGTATTTGCA	16	0	0	9	9	20	0	0	0	0	0	0	0	25	0	16	15	0	24	0	12	0	0	0	0	18	12	12	13	0	21	11	16	0	12	17	0	15	13	0	0	15	14	0	0	0	13	0	17	0	11	0	8	10	0	12	22	22	12	0	0	21	17	0	0	9	0	0
4320960	TGCAGGATTCAGGAGTGAAGCTTCTCTCTGCTGGACTGGAGAATCCACACTGTAGATACTGAGGTACACAGACACTCTCTCTCTCTCTCTCTCT	25	0	0	19	22	15	0	0	0	0	1	0	0	24	0	16	31	0	20	0	29	0	0	0	0	24	12	15	25	0	25	39	30	0	16	38	0	12	16	0	0	22	20	0	0	0	21	0	15	0	21	0	12	23	0	16	21	14	21	0	0	47	23	0	0	25	0	0
4427553	TGCAGGGATTCCCATCAAGCGGTTCATTAAAGAATAATCACACCATAGATTTTTGTTAGTTCTGCCTTCACTACAGGAACATGCTCTTTAGGGA	26	0	0	18	8	48	0	0	0	0	0	0	0	30	0	39	26	0	43	0	42	1	0	0	0	25	26	33	33	1	37	68	54	0	19	24	0	23	30	0	0	48	27	0	0	0	35	0	41	0	24	0	26	21	0	39	20	39	33	0	0	41	40	0	0	17	0	0
4498733	TGCAGGGCCATGACGGCCGAGCTCTGGAAACGCAAGTTGGTCTTGAAGTCCTGAGCGATTTCTCTCACCAGGCGCTGGAAGGGCAGCTTGCGGA	20	0	0	13	7	14	0	0	0	0	1	0	0	27	0	17	31	1	24	1	25	0	0	0	0	19	19	22	26	0	17	23	21	1	14	31	1	17	23	1	0	23	38	0	1	0	7	0	18	0	23	1	14	22	0	32	22	13	39	0	0	29	13	0	0	23	1	0
4624628	TGCAGGGGTTTCCTCCAGGTACTCTGGTTTCCTCCCCCAGTCTAAAGACATGCATGGTAGGCTGATTGGCGTGTTCAAAGTGCCCTGCGATGGA	57	24	0	31	70	31	0	44	26	40	48	0	0	39	0	33	30	34	57	0	40	29	13	0	30	35	30	27	76	0	32	50	42	27	28	56	0	35	66	0	0	81	60	0	1	0	16	3	32	50	26	44	31	43	35	27	29	63	64	0	2	52	46	33	0	29	0	0
4648569	TGCAGGTCATGCTGGATAGTAGACAGCGCATCCCTGAGAGTCTTCTGTTAATTCTCATGGTGAGTCTCCTGGTGCTTCAGATGATCCTGAAACT	46	0	15	11	42	21	34	0	1	0	28	0	0	40	32	55	27	0	24	27	67	10	0	27	0	25	59	30	34	0	71	32	53	17	15	74	0	31	23	19	0	34	65	0	36	0	18	0	27	34	23	0	27	42	34	52	29	26	14	0	0	35	25	0	0	22	2	0
4747089	TGCAGGAAACCTCCGAAGCACAGGGACAACATACAAACCGTATGCACACAGGGCGGAGGCGGGATTCGAACCCAAAACCCCAAACCTGCTAACC	67	0	0	8	16	17	0	0	0	0	0	0	0	27	0	30	17	0	32	0	24	0	0	0	0	15	23	42	36	0	23	30	37	0	12	30	0	31	12	0	0	22	39	0	0	0	8	0	34	0	27	0	12	34	0	24	23	38	33	0	0	23	21	0	0	26	0	0
4752760	TGCAGGCTCACCCTGCTGCAGCCACTTCGTACTTAGTTTTTTCAGCTCTAAAAACAGGAGGGTCTTTTCCCTTTTCTTAATGTCTCTAATTTAT	40	0	0	16	17	26	0	0	0	0	0	0	0	35	0	21	29	0	26	0	28	0	0	0	0	38	20	17	7	0	18	25	19	0	26	37	0	29	27	0	0	26	23	0	0	0	19	0	14	0	32	1	19	38	0	27	38	20	28	0	0	26	34	0	0	19	1	0
4801591	TGCAGGGGGCAGCAAATACGTGCAAGTGTTTTAGTCGATCCACAAGTGGTGAAGAAGAAGAGGAACGCCTACAAGCACACGGGGAAAACTACAG	15	0	0	10	6	7	0	0	0	0	0	0	0	7	0	5	4	0	3	0	9	0	0	0	0	4	12	9	4	0	3	6	11	0	3	5	0	8	4	0	0	8	11	0	0	0	6	0	3	0	12	0	7	10	0	3	5	14	3	0	0	6	10	0	0	5	0	0
4808517	TGCAGGACGAGTGCAGAGTTTCTTTATTTGTAAACCATACAGGAGTGCACGAGATATGGCAGGCAGGCGCAAGAGATGAGAGTTCAATAGCCTA	16	0	0	6	7	7	0	0	0	0	0	0	0	12	0	9	17	0	13	0	16	0	0	0	0	18	8	15	9	0	21	21	19	0	4	17	0	15	12	0	0	7	10	0	0	0	15	0	9	0	14	0	7	16	0	16	16	18	9	0	0	15	11	0	0	13	0	0
481944	TGCAGGAAGGGAGATCTCCAGGAAGACCTCTCCAGGAAGAATGGTGACCACCATTCTTTTTGAGAAGGCAAGACCTGACATCAGCTGCGCTAAA	39	0	0	27	19	21	0	1	0	0	0	0	0	38	0	44	50	0	36	1	39	0	0	0	0	37	36	24	32	0	45	41	34	0	24	16	0	30	43	0	0	28	30	0	0	0	36	0	19	0	39	0	11	40	0	36	27	36	29	0	0	20	27	2	0	32	0	0
4828806	TGCAGGCATATGTATTTCACTTTGGAGGAGTTTGTAACAAAAGTTTGAAAAAGTTGGTAGATAGTTAGTAGGGGAAGCTAAAGTCATAAACGGA	25	56	0	61	30	22	0	0	0	45	44	0	33	37	47	38	90	0	35	0	48	0	0	0	30	34	31	38	47	0	95	70	39	0	24	38	0	71	37	0	0	39	24	31	41	29	22	0	63	0	38	34	27	45	57	37	97	49	33	0	30	50	37	0	35	33	47	0
4875288	TGCAGGTGATGTTGGTGATGTCACGATCTTCATGTTGACAACTACCTGATCTTCATGTTGGCTTATACTTTTTAAATTTGCAGATGCAAATGCA	28	0	0	20	35	25	0	0	0	0	0	0	0	31	0	33	21	0	31	0	45	0	0	0	0	32	22	33	43	0	28	36	43	0	28	31	0	46	27	0	0	30	26	0	0	0	33	0	19	0	39	0	12	41	0	12	33	22	26	0	0	34	42	0	0	50	0	0
4932941	TGCAGGCCATGAAAACACAGCTGACTGGTGATAAAGTCGCTACCGATGCCACCATATACACACTGAAAGGTACTGTGGGGGAAATGGAGCACGC	19	0	0	12	14	23	0	0	0	0	0	0	0	19	0	14	7	0	20	0	31	0	0	0	0	24	23	15	17	0	23	36	19	0	10	19	0	14	17	0	0	21	34	0	0	0	12	0	15	0	16	0	3	18	0	16	7	14	14	0	0	12	18	0	0	25	0	0
493669	TGCAGGTTTCATCTCCAACCAAAATCGAACACACCTGTTTTAGTTGATTGATAACTTCTTAAAGCAATGATTTGATGGTCAGGTGGGCATGATT	6	0	0	7	8	8	0	0	0	0	0	0	0	1	0	5	8	0	15	0	13	0	0	0	0	11	4	12	15	0	9	10	20	0	3	8	0	12	10	0	0	1	8	0	0	0	16	0	3	0	6	0	7	16	0	4	2	3	13	0	0	12	11	0	0	5	0	0
5018777	TGCAGGGTGTCCAAAGATATGGATCAGCATGGTAGGCTGATTGTTGTGTCTAAATTGTCCATGGTTCCAGTAATCCATGTCCTTAGTCTGCTTG	24	0	0	12	18	20	0	0	0	0	0	0	0	44	0	24	20	0	21	0	30	0	0	0	0	57	18	37	30	0	21	26	21	0	25	35	0	28	24	0	0	22	17	0	0	0	35	0	35	0	25	0	22	28	0	34	25	18	24	0	0	25	27	0	0	20	0	0
648041	TGCAGGGGCTCAATCCCAAGCTGATTAGCAAGTTGGCATGCCGGGACGAGCAGTTAACCCTCAATGACCTCATCGACCTGGCTGTACGGCTAGA	21	0	0	12	28	20	0	0	0	0	0	0	0	47	0	30	39	0	32	0	26	0	0	0	0	26	18	19	41	0	33	32	45	0	22	31	0	32	26	0	0	34	30	0	0	0	24	0	39	0	29	0	26	22	0	38	23	24	23	0	0	23	30	0	0	31	0	0
667282	TGCAGGAACTCCAAAGACCTATATTTAAAAATGTATTCCACCAATAAGCGAATAATGGTGGGATGCATCTTTTAATGTGTGCAGTCACTTTAGA	19	0	0	17	6	10	0	0	0	0	0	0	0	27	0	20	27	0	23	0	13	0	0	0	0	17	19	10	24	0	18	15	16	0	15	26	0	12	28	0	0	15	14	0	0	0	15	0	13	0	17	0	11	12	0	19	10	19	8	0	0	24	15	0	0	16	0	0
763780	TGCAGGACTCTGATATTTGTTGCAGCAAAGTGTACAAAGAATGCATGCTAAAAAAAACCCAACAAGAACTGTTTAATATATATATTAAAGTATA	22	0	0	36	0	41	1	0	0	1	0	0	0	31	0	20	0	0	24	0	24	1	0	1	0	19	0	13	0	0	10	17	16	0	13	22	1	22	25	0	0	17	12	13	23	0	16	0	15	1	14	0	37	19	0	0	19	1	0	0	0	15	16	0	0	15	0	0
891458	TGCAGGTGGAGTTTGTGCTGGTGTCCTGAGTAATAGATAAGAACTTCCTGGTTTGGAGTTTTGAAGAGGTTCTCCATACATGGCATGGCGTCTA	10	0	0	13	18	10	0	0	0	0	0	0	0	16	0	7	7	0	18	1	14	0	0	0	0	13	15	21	25	0	23	20	16	0	7	12	0	14	13	0	0	12	11	0	1	0	13	0	13	0	5	0	16	18	0	22	16	15	13	0	0	11	16	0	0	19	0	0
957410	TGCAGGATTTCTCCTTCCAGGTCCAGCACCGGGCGGGAGCCCTGCACGGGAATGCAGATGGGCTCTCACGACGGTACACGCTCTGGGCCCACCT	38	0	0	25	12	30	0	0	0	0	0	0	0	26	0	9	33	0	31	0	23	0	0	0	0	33	20	34	20	0	17	20	37	0	14	28	0	17	24	0	0	25	19	0	0	0	23	0	23	0	23	0	10	24	0	27	27	21	21	0	0	30	22	1	3	21	0	0
